{
	"animations": [
		{
			"offsets": [-5, 0],
			"loop": false,
			"fps": 24,
			"anim": "idle",
			"indices": [],
			"name": "BF idle dance"
		},
		{
			"offsets": [5, -6],
			"loop": false,
			"fps": 24,
			"anim": "singLEFT",
			"indices": [],
			"name": "BF NOTE LEFT0"
		},
		{
			"offsets": [-20, -51],
			"loop": false,
			"fps": 24,
			"anim": "singDOWN",
			"indices": [],
			"name": "BF NOTE DOWN0"
		},
		{
			"offsets": [-46, 27],
			"loop": false,
			"fps": 24,
			"anim": "singUP",
			"indices": [],
			"name": "BF NOTE UP0"
		},
		{
			"offsets": [-48, -7],
			"loop": false,
			"fps": 24,
			"anim": "singRIGHT",
			"indices": [],
			"name": "BF NOTE RIGHT0"
		},
		{
			"offsets": [7, 19],
			"loop": false,
			"fps": 24,
			"anim": "singLEFTmiss",
			"indices": [],
			"name": "BF NOTE LEFT MISS"
		},
		{
			"offsets": [-15, -19],
			"loop": false,
			"fps": 24,
			"anim": "singDOWNmiss",
			"indices": [],
			"name": "BF NOTE DOWN MISS"
		},
		{
			"offsets": [-46, 27],
			"loop": false,
			"fps": 24,
			"anim": "singUPmiss",
			"indices": [],
			"name": "BF NOTE UP MISS"
		},
		{
			"offsets": [-44, 22],
			"loop": false,
			"fps": 24,
			"anim": "singRIGHTmiss",
			"indices": [],
			"name": "BF NOTE RIGHT MISS"
		},
		{
			"offsets": [-3, 5],
			"loop": false,
			"fps": 24,
			"anim": "hey",
			"indices": [],
			"name": "BF HEY"
		},
		{
			"offsets": [78, 16],
			"indices": [],
			"fps": 24,
			"anim": "kick",
			"loop": false,
			"name": "bf kick"
		},
		{
			"offsets": [-12, 94],
			"indices": [],
			"fps": 24,
			"anim": "punch",
			"loop": false,
			"name": "bf punch"
		},
		{
			"offsets": [292, -6],
			"indices": [],
			"fps": 24,
			"anim": "pip",
			"loop": false,
			"name": "bf pip"
		}
	],
	"vocals_file": "",
	"no_antialiasing": false,
	"image": "characters/BOYFRIEND",
	"position": [0, 350],
	"healthicon": "bf",
	"flip_x": true,
	"healthbar_colors": [49, 176, 209],
	"camera_position": [450, -10],
	"sing_duration": 4,
	"scale": 1,
	"_editor_isPlayer": true
}