{
	"animations": [
		{
			"offsets": [-181, -9],
			"loop": false,
			"fps": 24,
			"anim": "danceLeft",
			"indices": [30, 0, 1, 2, 3, 4, 5, 6, 7, 8, 9, 10, 11, 12, 13, 14],
			"name": "Nene Abot Idle"
		},
		{
			"offsets": [-181, -9],
			"loop": false,
			"fps": 24,
			"anim": "danceRight",
			"indices": [15, 16, 17, 18, 19, 20, 21, 22, 23, 24, 25, 26, 27, 28, 29],
			"name": "Nene Abot Idle"
		}
	],
	"vocals_file": "",
	"no_antialiasing": false,
	"image": "characters/Nene_assets",
	"position": [-160, -80],
	"healthicon": "gf",
	"flip_x": false,
	"healthbar_colors": [165, 0, 77],
	"camera_position": [0, 0],
	"sing_duration": 4,
	"scale": 1,
	"_editor_isPlayer": false
}