{
	"animations": [
		{
			"offsets": [
				-5,
				13
			],
			"loop": false,
			"anim": "idle",
			"fps": 24,
			"name": "Pico Idle Dance",
			"indices": []
		},
		{
			"offsets": [
				77,
				41
			],
			"loop": false,
			"anim": "singRIGHTmiss",
			"fps": 24,
			"name": "Pico NOTE LEFT miss",
			"indices": []
		},
		{
			"offsets": [
				-48,
				64
			],
			"loop": false,
			"anim": "singLEFTmiss",
			"fps": 24,
			"name": "Pico Note Right Miss",
			"indices": []
		},
		{
			"offsets": [
				8,
				35
			],
			"loop": false,
			"anim": "singUP",
			"fps": 24,
			"name": "pico Up note0",
			"indices": []
		},
		{
			"offsets": [
				90,
				-70
			],
			"loop": false,
			"anim": "singDOWN",
			"fps": 24,
			"name": "Pico Down Note0",
			"indices": []
		},
		{
			"offsets": [
				86,
				-28
			],
			"loop": false,
			"anim": "singDOWNmiss",
			"fps": 24,
			"name": "Pico Down Note MISS",
			"indices": []
		},
		{
			"offsets": [
				17,
				68
			],
			"loop": false,
			"anim": "singUPmiss",
			"fps": 24,
			"name": "pico Up note miss",
			"indices": []
		},
		{
			"offsets": [
				-56,
				14
			],
			"loop": false,
			"fps": 24,
			"anim": "singRIGHT",
			"indices": [],
			"name": "Pico Note Right0"
		},
		{
			"offsets": [
				82,
				3
			],
			"loop": false,
			"fps": 24,
			"anim": "singLEFT",
			"indices": [],
			"name": "Pico NOTE LEFT0"
		},
		{
			"offsets": [
				31,
				12
			],
			"indices": [],
			"fps": 24,
			"anim": "burp",
			"loop": false,
			"name": "burp small plus talk pico"
		}
	],
	"vocals_file": "",
	"no_antialiasing": false,
	"image": "characters/pico",
	"position": [
		0,
		300
	],
	"healthicon": "pico",
	"flip_x": true,
	"healthbar_colors": [
		183,
		216,
		85
	],
	"camera_position": [
		540,
		0
	],
	"sing_duration": 4,
	"scale": 1,
	"_editor_isPlayer": true
}