<?xml version="1.0" encoding="UTF-8"?>
<!--
Created with Free texture packer v0.6.7 http://free-tex-packer.com
-->
<TextureAtlas imagePath="BOYFRIEND.png" width="2683" height="2764">
  <SubTexture name="bf pip0000.png" x="0" y="0"  width="671" height="406" frameX="-0" frameY="-0" frameWidth="673" frameHeight="406"/>
  <SubTexture name="bf pip0002.png" x="0" y="406"  width="673" height="404" frameX="-0" frameY="-2" frameWidth="673" frameHeight="406"/>
  <SubTexture name="bf pip0004.png" x="673" y="0" width="404" height="673" rotated="true"  frameX="-0" frameY="-2" frameWidth="673" frameHeight="406"/>
  <SubTexture name="bf kick0000.png" x="0" y="810"  width="512" height="422" frameX="-0" frameY="-4" frameWidth="512" frameHeight="427"/>
  <SubTexture name="bf kick0002.png" x="673" y="673"  width="496" height="426" frameX="-15" frameY="-0" frameWidth="512" frameHeight="427"/>
  <SubTexture name="bf punch0000.png" x="1077" y="0"  width="374" height="508" frameX="-0" frameY="-0" frameWidth="379" frameHeight="508"/>
  <SubTexture name="bf punch0002.png" x="512" y="1099"  width="375" height="491" frameX="-4" frameY="-17" frameWidth="379" frameHeight="508"/>
  <SubTexture name="BF NOTE RIGHT MISS0003.png" x="887" y="1099"  width="400" height="432" frameX="-1" frameY="-0" frameWidth="415" frameHeight="435"/>
  <SubTexture name="BF NOTE RIGHT MISS0001.png" x="1169" y="508"  width="395" height="432" frameX="-0" frameY="-0" frameWidth="415" frameHeight="435"/>
  <SubTexture name="BF HEY!!0004.png" x="1451" y="0"  width="414" height="412" frameX="-1" frameY="-6" frameWidth="415" frameHeight="418"/>
  <SubTexture name="BF HEY!!0002.png" x="1287" y="940"  width="413" height="410" frameX="-1" frameY="-8" frameWidth="415" frameHeight="418"/>
  <SubTexture name="BF idle dance0006.png" x="0" y="1232"  width="410" height="411" frameX="-1" frameY="-1" frameWidth="411" frameHeight="412"/>
  <SubTexture name="BF idle dance0008.png" x="1287" y="1350"  width="408" height="412" frameX="-2" frameY="-0" frameWidth="411" frameHeight="412"/>
  <SubTexture name="BF NOTE RIGHT0002.png" x="410" y="1590"  width="408" height="407" frameX="-0" frameY="-0" frameWidth="409" frameHeight="407"/>
  <SubTexture name="BF NOTE UP0002.png" x="887" y="1531"  width="376" height="441" frameX="-0" frameY="-5" frameWidth="376" frameHeight="446"/>
  <SubTexture name="BF NOTE RIGHT0000.png" x="1564" y="412"  width="408" height="405" frameX="-1" frameY="-2" frameWidth="409" frameHeight="407"/>
  <SubTexture name="BF NOTE UP0000.png" x="1695" y="1350"  width="369" height="446" frameX="-5" frameY="-0" frameWidth="376" frameHeight="446"/>
  <SubTexture name="BF HEY!!0000.png" x="1865" y="0" width="416" height="395" rotated="true"  frameX="-0" frameY="-0" frameWidth="415" frameHeight="418"/>
  <SubTexture name="BF NOTE UP MISS0000.png" x="1700" y="817"  width="367" height="446" frameX="-9" frameY="-0" frameWidth="376" frameHeight="446"/>
  <SubTexture name="BF idle dance0004.png" x="1263" y="1762"  width="405" height="398" frameX="-3" frameY="-14" frameWidth="411" frameHeight="412"/>
  <SubTexture name="BF idle dance0002.png" x="818" y="1972"  width="408" height="393" frameX="-0" frameY="-19" frameWidth="411" frameHeight="412"/>
  <SubTexture name="BF idle dance0000.png" x="0" y="1643"  width="406" height="392" frameX="-1" frameY="-20" frameWidth="411" frameHeight="412"/>
  <SubTexture name="BF NOTE LEFT MISS0003.png" x="0" y="2035" width="429" height="370" rotated="true"  frameX="-13" frameY="-0" frameWidth="384" frameHeight="432"/>
  <SubTexture name="BF NOTE LEFT MISS0001.png" x="1668" y="1796"  width="369" height="429" frameX="-15" frameY="-0" frameWidth="384" frameHeight="432"/>
  <SubTexture name="BF NOTE LEFT MISS0000.png" x="429" y="1997"  width="383" height="406" frameX="-0" frameY="-26" frameWidth="384" frameHeight="432"/>
  <SubTexture name="BF NOTE LEFT0000.png" x="1972" y="395"  width="383" height="406" frameX="-0" frameY="-0" frameWidth="385" frameHeight="406"/>
  <SubTexture name="BF NOTE UP MISS0001.png" x="2037" y="1796"  width="359" height="427" frameX="-0" frameY="-13" frameWidth="378" frameHeight="446"/>
  <SubTexture name="BF NOTE UP MISS0003.png" x="2064" y="1263"  width="356" height="430" frameX="-1" frameY="-10" frameWidth="378" frameHeight="446"/>
  <SubTexture name="BF NOTE RIGHT MISS0000.png" x="2281" y="0"  width="402" height="377" frameX="-7" frameY="-30" frameWidth="409" frameHeight="407"/>
  <SubTexture name="BF NOTE LEFT0002.png" x="2067" y="801"  width="374" height="404" frameX="-11" frameY="-2" frameWidth="385" frameHeight="406"/>
  <SubTexture name="BF NOTE DOWN MISS0001.png" x="1226" y="2160"  width="376" height="392" frameX="-1" frameY="-0" frameWidth="378" frameHeight="392"/>
  <SubTexture name="BF NOTE DOWN MISS0003.png" x="812" y="2365"  width="378" height="388" frameX="-0" frameY="-4" frameWidth="378" frameHeight="392"/>
  <SubTexture name="BF NOTE DOWN0002.png" x="429" y="2403"  width="373" height="361" frameX="-0" frameY="-0" frameWidth="375" frameHeight="362"/>
  <SubTexture name="BF NOTE DOWN0000.png" x="0" y="2405"  width="374" height="357" frameX="-1" frameY="-5" frameWidth="375" frameHeight="362"/>
  <SubTexture name="BF NOTE DOWN MISS0000.png" x="2355" y="377" width="327" height="374" rotated="true"  frameX="-1" frameY="-35" frameWidth="375" frameHeight="362"/>
  <SubTexture name="BF HEY!!0001.png" x="1865" y="0" width="416" height="395" rotated="true"  frameX="-0" frameY="-0" frameWidth="415" frameHeight="418"/>
  <SubTexture name="BF HEY!!0003.png" x="1287" y="940"  width="413" height="410" frameX="-1" frameY="-8" frameWidth="415" frameHeight="418"/>
  <SubTexture name="BF HEY!!0005.png" x="1451" y="0"  width="414" height="412" frameX="-1" frameY="-6" frameWidth="415" frameHeight="418"/>
  <SubTexture name="BF HEY!!0006.png" x="1451" y="0"  width="414" height="412" frameX="-1" frameY="-6" frameWidth="415" frameHeight="418"/>
  <SubTexture name="BF HEY!!0007.png" x="1451" y="0"  width="414" height="412" frameX="-1" frameY="-6" frameWidth="415" frameHeight="418"/>
  <SubTexture name="BF HEY!!0008.png" x="1451" y="0"  width="414" height="412" frameX="-1" frameY="-6" frameWidth="415" frameHeight="418"/>
  <SubTexture name="BF HEY!!0009.png" x="1451" y="0"  width="414" height="412" frameX="-1" frameY="-6" frameWidth="415" frameHeight="418"/>
  <SubTexture name="BF HEY!!0010.png" x="1451" y="0"  width="414" height="412" frameX="-1" frameY="-6" frameWidth="415" frameHeight="418"/>
  <SubTexture name="BF HEY!!0011.png" x="1451" y="0"  width="414" height="412" frameX="-1" frameY="-6" frameWidth="415" frameHeight="418"/>
  <SubTexture name="BF HEY!!0012.png" x="1451" y="0"  width="414" height="412" frameX="-1" frameY="-6" frameWidth="415" frameHeight="418"/>
  <SubTexture name="BF HEY!!0013.png" x="1451" y="0"  width="414" height="412" frameX="-1" frameY="-6" frameWidth="415" frameHeight="418"/>
  <SubTexture name="BF HEY!!0014.png" x="1451" y="0"  width="414" height="412" frameX="-1" frameY="-6" frameWidth="415" frameHeight="418"/>
  <SubTexture name="BF HEY!!0015.png" x="1451" y="0"  width="414" height="412" frameX="-1" frameY="-6" frameWidth="415" frameHeight="418"/>
  <SubTexture name="BF HEY!!0016.png" x="1451" y="0"  width="414" height="412" frameX="-1" frameY="-6" frameWidth="415" frameHeight="418"/>
  <SubTexture name="BF HEY!!0017.png" x="1451" y="0"  width="414" height="412" frameX="-1" frameY="-6" frameWidth="415" frameHeight="418"/>
  <SubTexture name="BF HEY!!0018.png" x="1451" y="0"  width="414" height="412" frameX="-1" frameY="-6" frameWidth="415" frameHeight="418"/>
  <SubTexture name="BF HEY!!0019.png" x="1451" y="0"  width="414" height="412" frameX="-1" frameY="-6" frameWidth="415" frameHeight="418"/>
  <SubTexture name="BF HEY!!0020.png" x="1451" y="0"  width="414" height="412" frameX="-1" frameY="-6" frameWidth="415" frameHeight="418"/>
  <SubTexture name="BF HEY!!0021.png" x="1451" y="0"  width="414" height="412" frameX="-1" frameY="-6" frameWidth="415" frameHeight="418"/>
  <SubTexture name="BF HEY!!0022.png" x="1451" y="0"  width="414" height="412" frameX="-1" frameY="-6" frameWidth="415" frameHeight="418"/>
  <SubTexture name="BF HEY!!0023.png" x="1451" y="0"  width="414" height="412" frameX="-1" frameY="-6" frameWidth="415" frameHeight="418"/>
  <SubTexture name="BF HEY!!0024.png" x="1451" y="0"  width="414" height="412" frameX="-1" frameY="-6" frameWidth="415" frameHeight="418"/>
  <SubTexture name="BF HEY!!0025.png" x="1451" y="0"  width="414" height="412" frameX="-1" frameY="-6" frameWidth="415" frameHeight="418"/>
  <SubTexture name="BF NOTE DOWN MISS0002.png" x="1226" y="2160"  width="376" height="392" frameX="-1" frameY="-0" frameWidth="378" frameHeight="392"/>
  <SubTexture name="BF NOTE DOWN MISS0004.png" x="812" y="2365"  width="378" height="388" frameX="-0" frameY="-4" frameWidth="378" frameHeight="392"/>
  <SubTexture name="BF NOTE DOWN MISS0005.png" x="812" y="2365"  width="378" height="388" frameX="-0" frameY="-4" frameWidth="378" frameHeight="392"/>
  <SubTexture name="BF NOTE DOWN MISS0006.png" x="812" y="2365"  width="378" height="388" frameX="-0" frameY="-4" frameWidth="378" frameHeight="392"/>
  <SubTexture name="BF NOTE DOWN MISS0007.png" x="812" y="2365"  width="378" height="388" frameX="-0" frameY="-4" frameWidth="378" frameHeight="392"/>
  <SubTexture name="BF NOTE DOWN MISS0008.png" x="812" y="2365"  width="378" height="388" frameX="-0" frameY="-4" frameWidth="378" frameHeight="392"/>
  <SubTexture name="BF NOTE DOWN MISS0009.png" x="812" y="2365"  width="378" height="388" frameX="-0" frameY="-4" frameWidth="378" frameHeight="392"/>
  <SubTexture name="BF NOTE DOWN MISS0010.png" x="812" y="2365"  width="378" height="388" frameX="-0" frameY="-4" frameWidth="378" frameHeight="392"/>
  <SubTexture name="BF NOTE DOWN MISS0011.png" x="812" y="2365"  width="378" height="388" frameX="-0" frameY="-4" frameWidth="378" frameHeight="392"/>
  <SubTexture name="BF NOTE DOWN MISS0012.png" x="812" y="2365"  width="378" height="388" frameX="-0" frameY="-4" frameWidth="378" frameHeight="392"/>
  <SubTexture name="BF NOTE DOWN MISS0013.png" x="812" y="2365"  width="378" height="388" frameX="-0" frameY="-4" frameWidth="378" frameHeight="392"/>
  <SubTexture name="BF NOTE DOWN MISS0014.png" x="812" y="2365"  width="378" height="388" frameX="-0" frameY="-4" frameWidth="378" frameHeight="392"/>
  <SubTexture name="BF NOTE DOWN MISS0015.png" x="812" y="2365"  width="378" height="388" frameX="-0" frameY="-4" frameWidth="378" frameHeight="392"/>
  <SubTexture name="BF NOTE DOWN MISS0016.png" x="812" y="2365"  width="378" height="388" frameX="-0" frameY="-4" frameWidth="378" frameHeight="392"/>
  <SubTexture name="BF NOTE DOWN MISS0017.png" x="812" y="2365"  width="378" height="388" frameX="-0" frameY="-4" frameWidth="378" frameHeight="392"/>
  <SubTexture name="BF NOTE DOWN MISS0018.png" x="812" y="2365"  width="378" height="388" frameX="-0" frameY="-4" frameWidth="378" frameHeight="392"/>
  <SubTexture name="BF NOTE DOWN MISS0019.png" x="812" y="2365"  width="378" height="388" frameX="-0" frameY="-4" frameWidth="378" frameHeight="392"/>
  <SubTexture name="BF NOTE DOWN MISS0020.png" x="812" y="2365"  width="378" height="388" frameX="-0" frameY="-4" frameWidth="378" frameHeight="392"/>
  <SubTexture name="BF NOTE DOWN MISS0021.png" x="812" y="2365"  width="378" height="388" frameX="-0" frameY="-4" frameWidth="378" frameHeight="392"/>
  <SubTexture name="BF NOTE DOWN MISS0022.png" x="812" y="2365"  width="378" height="388" frameX="-0" frameY="-4" frameWidth="378" frameHeight="392"/>
  <SubTexture name="BF NOTE DOWN MISS0023.png" x="812" y="2365"  width="378" height="388" frameX="-0" frameY="-4" frameWidth="378" frameHeight="392"/>
  <SubTexture name="BF NOTE DOWN MISS0024.png" x="812" y="2365"  width="378" height="388" frameX="-0" frameY="-4" frameWidth="378" frameHeight="392"/>
  <SubTexture name="BF NOTE DOWN MISS0025.png" x="812" y="2365"  width="378" height="388" frameX="-0" frameY="-4" frameWidth="378" frameHeight="392"/>
  <SubTexture name="BF NOTE DOWN MISS0026.png" x="812" y="2365"  width="378" height="388" frameX="-0" frameY="-4" frameWidth="378" frameHeight="392"/>
  <SubTexture name="BF NOTE DOWN MISS0027.png" x="812" y="2365"  width="378" height="388" frameX="-0" frameY="-4" frameWidth="378" frameHeight="392"/>
  <SubTexture name="BF NOTE DOWN MISS0028.png" x="812" y="2365"  width="378" height="388" frameX="-0" frameY="-4" frameWidth="378" frameHeight="392"/>
  <SubTexture name="BF NOTE DOWN0001.png" x="0" y="2405"  width="374" height="357" frameX="-1" frameY="-5" frameWidth="375" frameHeight="362"/>
  <SubTexture name="BF NOTE DOWN0003.png" x="429" y="2403"  width="373" height="361" frameX="-0" frameY="-0" frameWidth="375" frameHeight="362"/>
  <SubTexture name="BF NOTE DOWN0004.png" x="429" y="2403"  width="373" height="361" frameX="-0" frameY="-0" frameWidth="375" frameHeight="362"/>
  <SubTexture name="BF NOTE DOWN0005.png" x="429" y="2403"  width="373" height="361" frameX="-0" frameY="-0" frameWidth="375" frameHeight="362"/>
  <SubTexture name="BF NOTE DOWN0006.png" x="429" y="2403"  width="373" height="361" frameX="-0" frameY="-0" frameWidth="375" frameHeight="362"/>
  <SubTexture name="BF NOTE DOWN0007.png" x="429" y="2403"  width="373" height="361" frameX="-0" frameY="-0" frameWidth="375" frameHeight="362"/>
  <SubTexture name="BF NOTE DOWN0008.png" x="429" y="2403"  width="373" height="361" frameX="-0" frameY="-0" frameWidth="375" frameHeight="362"/>
  <SubTexture name="BF NOTE DOWN0009.png" x="429" y="2403"  width="373" height="361" frameX="-0" frameY="-0" frameWidth="375" frameHeight="362"/>
  <SubTexture name="BF NOTE DOWN0010.png" x="429" y="2403"  width="373" height="361" frameX="-0" frameY="-0" frameWidth="375" frameHeight="362"/>
  <SubTexture name="BF NOTE DOWN0011.png" x="429" y="2403"  width="373" height="361" frameX="-0" frameY="-0" frameWidth="375" frameHeight="362"/>
  <SubTexture name="BF NOTE DOWN0012.png" x="429" y="2403"  width="373" height="361" frameX="-0" frameY="-0" frameWidth="375" frameHeight="362"/>
  <SubTexture name="BF NOTE DOWN0013.png" x="429" y="2403"  width="373" height="361" frameX="-0" frameY="-0" frameWidth="375" frameHeight="362"/>
  <SubTexture name="BF NOTE DOWN0014.png" x="429" y="2403"  width="373" height="361" frameX="-0" frameY="-0" frameWidth="375" frameHeight="362"/>
  <SubTexture name="BF NOTE DOWN0015.png" x="429" y="2403"  width="373" height="361" frameX="-0" frameY="-0" frameWidth="375" frameHeight="362"/>
  <SubTexture name="BF NOTE DOWN0016.png" x="429" y="2403"  width="373" height="361" frameX="-0" frameY="-0" frameWidth="375" frameHeight="362"/>
  <SubTexture name="BF NOTE DOWN0017.png" x="429" y="2403"  width="373" height="361" frameX="-0" frameY="-0" frameWidth="375" frameHeight="362"/>
  <SubTexture name="BF NOTE DOWN0018.png" x="429" y="2403"  width="373" height="361" frameX="-0" frameY="-0" frameWidth="375" frameHeight="362"/>
  <SubTexture name="BF NOTE DOWN0019.png" x="429" y="2403"  width="373" height="361" frameX="-0" frameY="-0" frameWidth="375" frameHeight="362"/>
  <SubTexture name="BF NOTE DOWN0020.png" x="429" y="2403"  width="373" height="361" frameX="-0" frameY="-0" frameWidth="375" frameHeight="362"/>
  <SubTexture name="BF NOTE DOWN0021.png" x="429" y="2403"  width="373" height="361" frameX="-0" frameY="-0" frameWidth="375" frameHeight="362"/>
  <SubTexture name="BF NOTE DOWN0022.png" x="429" y="2403"  width="373" height="361" frameX="-0" frameY="-0" frameWidth="375" frameHeight="362"/>
  <SubTexture name="BF NOTE DOWN0023.png" x="429" y="2403"  width="373" height="361" frameX="-0" frameY="-0" frameWidth="375" frameHeight="362"/>
  <SubTexture name="BF NOTE DOWN0024.png" x="429" y="2403"  width="373" height="361" frameX="-0" frameY="-0" frameWidth="375" frameHeight="362"/>
  <SubTexture name="BF NOTE DOWN0025.png" x="429" y="2403"  width="373" height="361" frameX="-0" frameY="-0" frameWidth="375" frameHeight="362"/>
  <SubTexture name="BF NOTE DOWN0026.png" x="429" y="2403"  width="373" height="361" frameX="-0" frameY="-0" frameWidth="375" frameHeight="362"/>
  <SubTexture name="BF NOTE DOWN0027.png" x="429" y="2403"  width="373" height="361" frameX="-0" frameY="-0" frameWidth="375" frameHeight="362"/>
  <SubTexture name="BF NOTE DOWN0028.png" x="429" y="2403"  width="373" height="361" frameX="-0" frameY="-0" frameWidth="375" frameHeight="362"/>
  <SubTexture name="BF NOTE DOWN0029.png" x="429" y="2403"  width="373" height="361" frameX="-0" frameY="-0" frameWidth="375" frameHeight="362"/>
  <SubTexture name="BF NOTE LEFT MISS0002.png" x="1668" y="1796"  width="369" height="429" frameX="-15" frameY="-0" frameWidth="384" frameHeight="432"/>
  <SubTexture name="BF NOTE LEFT MISS0004.png" x="0" y="2035" width="429" height="370" rotated="true"  frameX="-13" frameY="-0" frameWidth="384" frameHeight="432"/>
  <SubTexture name="BF NOTE LEFT MISS0005.png" x="0" y="2035" width="429" height="370" rotated="true"  frameX="-13" frameY="-0" frameWidth="384" frameHeight="432"/>
  <SubTexture name="BF NOTE LEFT MISS0006.png" x="0" y="2035" width="429" height="370" rotated="true"  frameX="-13" frameY="-0" frameWidth="384" frameHeight="432"/>
  <SubTexture name="BF NOTE LEFT MISS0007.png" x="0" y="2035" width="429" height="370" rotated="true"  frameX="-13" frameY="-0" frameWidth="384" frameHeight="432"/>
  <SubTexture name="BF NOTE LEFT MISS0008.png" x="0" y="2035" width="429" height="370" rotated="true"  frameX="-13" frameY="-0" frameWidth="384" frameHeight="432"/>
  <SubTexture name="BF NOTE LEFT MISS0009.png" x="0" y="2035" width="429" height="370" rotated="true"  frameX="-13" frameY="-0" frameWidth="384" frameHeight="432"/>
  <SubTexture name="BF NOTE LEFT MISS0010.png" x="0" y="2035" width="429" height="370" rotated="true"  frameX="-13" frameY="-0" frameWidth="384" frameHeight="432"/>
  <SubTexture name="BF NOTE LEFT MISS0011.png" x="0" y="2035" width="429" height="370" rotated="true"  frameX="-13" frameY="-0" frameWidth="384" frameHeight="432"/>
  <SubTexture name="BF NOTE LEFT MISS0012.png" x="0" y="2035" width="429" height="370" rotated="true"  frameX="-13" frameY="-0" frameWidth="384" frameHeight="432"/>
  <SubTexture name="BF NOTE LEFT MISS0013.png" x="0" y="2035" width="429" height="370" rotated="true"  frameX="-13" frameY="-0" frameWidth="384" frameHeight="432"/>
  <SubTexture name="BF NOTE LEFT MISS0014.png" x="0" y="2035" width="429" height="370" rotated="true"  frameX="-13" frameY="-0" frameWidth="384" frameHeight="432"/>
  <SubTexture name="BF NOTE LEFT MISS0015.png" x="0" y="2035" width="429" height="370" rotated="true"  frameX="-13" frameY="-0" frameWidth="384" frameHeight="432"/>
  <SubTexture name="BF NOTE LEFT MISS0016.png" x="0" y="2035" width="429" height="370" rotated="true"  frameX="-13" frameY="-0" frameWidth="384" frameHeight="432"/>
  <SubTexture name="BF NOTE LEFT MISS0017.png" x="0" y="2035" width="429" height="370" rotated="true"  frameX="-13" frameY="-0" frameWidth="384" frameHeight="432"/>
  <SubTexture name="BF NOTE LEFT MISS0018.png" x="0" y="2035" width="429" height="370" rotated="true"  frameX="-13" frameY="-0" frameWidth="384" frameHeight="432"/>
  <SubTexture name="BF NOTE LEFT MISS0019.png" x="0" y="2035" width="429" height="370" rotated="true"  frameX="-13" frameY="-0" frameWidth="384" frameHeight="432"/>
  <SubTexture name="BF NOTE LEFT MISS0020.png" x="0" y="2035" width="429" height="370" rotated="true"  frameX="-13" frameY="-0" frameWidth="384" frameHeight="432"/>
  <SubTexture name="BF NOTE LEFT MISS0021.png" x="0" y="2035" width="429" height="370" rotated="true"  frameX="-13" frameY="-0" frameWidth="384" frameHeight="432"/>
  <SubTexture name="BF NOTE LEFT MISS0022.png" x="0" y="2035" width="429" height="370" rotated="true"  frameX="-13" frameY="-0" frameWidth="384" frameHeight="432"/>
  <SubTexture name="BF NOTE LEFT MISS0023.png" x="0" y="2035" width="429" height="370" rotated="true"  frameX="-13" frameY="-0" frameWidth="384" frameHeight="432"/>
  <SubTexture name="BF NOTE LEFT MISS0024.png" x="0" y="2035" width="429" height="370" rotated="true"  frameX="-13" frameY="-0" frameWidth="384" frameHeight="432"/>
  <SubTexture name="BF NOTE LEFT MISS0025.png" x="0" y="2035" width="429" height="370" rotated="true"  frameX="-13" frameY="-0" frameWidth="384" frameHeight="432"/>
  <SubTexture name="BF NOTE LEFT MISS0026.png" x="0" y="2035" width="429" height="370" rotated="true"  frameX="-13" frameY="-0" frameWidth="384" frameHeight="432"/>
  <SubTexture name="BF NOTE LEFT MISS0027.png" x="0" y="2035" width="429" height="370" rotated="true"  frameX="-13" frameY="-0" frameWidth="384" frameHeight="432"/>
  <SubTexture name="BF NOTE LEFT MISS0028.png" x="0" y="2035" width="429" height="370" rotated="true"  frameX="-13" frameY="-0" frameWidth="384" frameHeight="432"/>
  <SubTexture name="BF NOTE LEFT MISS0029.png" x="0" y="2035" width="429" height="370" rotated="true"  frameX="-13" frameY="-0" frameWidth="384" frameHeight="432"/>
  <SubTexture name="BF NOTE LEFT MISS0030.png" x="0" y="2035" width="429" height="370" rotated="true"  frameX="-13" frameY="-0" frameWidth="384" frameHeight="432"/>
  <SubTexture name="BF NOTE LEFT MISS0031.png" x="0" y="2035" width="429" height="370" rotated="true"  frameX="-13" frameY="-0" frameWidth="384" frameHeight="432"/>
  <SubTexture name="BF NOTE LEFT MISS0032.png" x="0" y="2035" width="429" height="370" rotated="true"  frameX="-13" frameY="-0" frameWidth="384" frameHeight="432"/>
  <SubTexture name="BF NOTE LEFT MISS0033.png" x="0" y="2035" width="429" height="370" rotated="true"  frameX="-13" frameY="-0" frameWidth="384" frameHeight="432"/>
  <SubTexture name="BF NOTE LEFT0001.png" x="1972" y="395"  width="383" height="406" frameX="-0" frameY="-0" frameWidth="385" frameHeight="406"/>
  <SubTexture name="BF NOTE LEFT0003.png" x="2067" y="801"  width="374" height="404" frameX="-11" frameY="-2" frameWidth="385" frameHeight="406"/>
  <SubTexture name="BF NOTE LEFT0004.png" x="2067" y="801"  width="374" height="404" frameX="-11" frameY="-2" frameWidth="385" frameHeight="406"/>
  <SubTexture name="BF NOTE LEFT0005.png" x="2067" y="801"  width="374" height="404" frameX="-11" frameY="-2" frameWidth="385" frameHeight="406"/>
  <SubTexture name="BF NOTE LEFT0006.png" x="2067" y="801"  width="374" height="404" frameX="-11" frameY="-2" frameWidth="385" frameHeight="406"/>
  <SubTexture name="BF NOTE LEFT0007.png" x="2067" y="801"  width="374" height="404" frameX="-11" frameY="-2" frameWidth="385" frameHeight="406"/>
  <SubTexture name="BF NOTE LEFT0008.png" x="2067" y="801"  width="374" height="404" frameX="-11" frameY="-2" frameWidth="385" frameHeight="406"/>
  <SubTexture name="BF NOTE LEFT0009.png" x="2067" y="801"  width="374" height="404" frameX="-11" frameY="-2" frameWidth="385" frameHeight="406"/>
  <SubTexture name="BF NOTE LEFT0010.png" x="2067" y="801"  width="374" height="404" frameX="-11" frameY="-2" frameWidth="385" frameHeight="406"/>
  <SubTexture name="BF NOTE LEFT0011.png" x="2067" y="801"  width="374" height="404" frameX="-11" frameY="-2" frameWidth="385" frameHeight="406"/>
  <SubTexture name="BF NOTE LEFT0012.png" x="2067" y="801"  width="374" height="404" frameX="-11" frameY="-2" frameWidth="385" frameHeight="406"/>
  <SubTexture name="BF NOTE LEFT0013.png" x="2067" y="801"  width="374" height="404" frameX="-11" frameY="-2" frameWidth="385" frameHeight="406"/>
  <SubTexture name="BF NOTE LEFT0014.png" x="2067" y="801"  width="374" height="404" frameX="-11" frameY="-2" frameWidth="385" frameHeight="406"/>
  <SubTexture name="BF NOTE RIGHT MISS0002.png" x="1169" y="508"  width="395" height="432" frameX="-0" frameY="-0" frameWidth="415" frameHeight="435"/>
  <SubTexture name="BF NOTE RIGHT MISS0004.png" x="887" y="1099"  width="400" height="432" frameX="-1" frameY="-0" frameWidth="415" frameHeight="435"/>
  <SubTexture name="BF NOTE RIGHT MISS0005.png" x="887" y="1099"  width="400" height="432" frameX="-1" frameY="-0" frameWidth="415" frameHeight="435"/>
  <SubTexture name="BF NOTE RIGHT MISS0006.png" x="887" y="1099"  width="400" height="432" frameX="-1" frameY="-0" frameWidth="415" frameHeight="435"/>
  <SubTexture name="BF NOTE RIGHT MISS0007.png" x="887" y="1099"  width="400" height="432" frameX="-1" frameY="-0" frameWidth="415" frameHeight="435"/>
  <SubTexture name="BF NOTE RIGHT MISS0008.png" x="887" y="1099"  width="400" height="432" frameX="-1" frameY="-0" frameWidth="415" frameHeight="435"/>
  <SubTexture name="BF NOTE RIGHT MISS0009.png" x="887" y="1099"  width="400" height="432" frameX="-1" frameY="-0" frameWidth="415" frameHeight="435"/>
  <SubTexture name="BF NOTE RIGHT MISS0010.png" x="887" y="1099"  width="400" height="432" frameX="-1" frameY="-0" frameWidth="415" frameHeight="435"/>
  <SubTexture name="BF NOTE RIGHT MISS0011.png" x="887" y="1099"  width="400" height="432" frameX="-1" frameY="-0" frameWidth="415" frameHeight="435"/>
  <SubTexture name="BF NOTE RIGHT MISS0012.png" x="887" y="1099"  width="400" height="432" frameX="-1" frameY="-0" frameWidth="415" frameHeight="435"/>
  <SubTexture name="BF NOTE RIGHT MISS0013.png" x="887" y="1099"  width="400" height="432" frameX="-1" frameY="-0" frameWidth="415" frameHeight="435"/>
  <SubTexture name="BF NOTE RIGHT MISS0014.png" x="887" y="1099"  width="400" height="432" frameX="-1" frameY="-0" frameWidth="415" frameHeight="435"/>
  <SubTexture name="BF NOTE RIGHT MISS0015.png" x="887" y="1099"  width="400" height="432" frameX="-1" frameY="-0" frameWidth="415" frameHeight="435"/>
  <SubTexture name="BF NOTE RIGHT MISS0016.png" x="887" y="1099"  width="400" height="432" frameX="-1" frameY="-0" frameWidth="415" frameHeight="435"/>
  <SubTexture name="BF NOTE RIGHT MISS0017.png" x="887" y="1099"  width="400" height="432" frameX="-1" frameY="-0" frameWidth="415" frameHeight="435"/>
  <SubTexture name="BF NOTE RIGHT MISS0018.png" x="887" y="1099"  width="400" height="432" frameX="-1" frameY="-0" frameWidth="415" frameHeight="435"/>
  <SubTexture name="BF NOTE RIGHT MISS0019.png" x="887" y="1099"  width="400" height="432" frameX="-1" frameY="-0" frameWidth="415" frameHeight="435"/>
  <SubTexture name="BF NOTE RIGHT MISS0020.png" x="887" y="1099"  width="400" height="432" frameX="-1" frameY="-0" frameWidth="415" frameHeight="435"/>
  <SubTexture name="BF NOTE RIGHT MISS0021.png" x="887" y="1099"  width="400" height="432" frameX="-1" frameY="-0" frameWidth="415" frameHeight="435"/>
  <SubTexture name="BF NOTE RIGHT MISS0022.png" x="887" y="1099"  width="400" height="432" frameX="-1" frameY="-0" frameWidth="415" frameHeight="435"/>
  <SubTexture name="BF NOTE RIGHT MISS0023.png" x="887" y="1099"  width="400" height="432" frameX="-1" frameY="-0" frameWidth="415" frameHeight="435"/>
  <SubTexture name="BF NOTE RIGHT MISS0024.png" x="887" y="1099"  width="400" height="432" frameX="-1" frameY="-0" frameWidth="415" frameHeight="435"/>
  <SubTexture name="BF NOTE RIGHT MISS0025.png" x="887" y="1099"  width="400" height="432" frameX="-1" frameY="-0" frameWidth="415" frameHeight="435"/>
  <SubTexture name="BF NOTE RIGHT MISS0026.png" x="887" y="1099"  width="400" height="432" frameX="-1" frameY="-0" frameWidth="415" frameHeight="435"/>
  <SubTexture name="BF NOTE RIGHT MISS0027.png" x="887" y="1099"  width="400" height="432" frameX="-1" frameY="-0" frameWidth="415" frameHeight="435"/>
  <SubTexture name="BF NOTE RIGHT MISS0028.png" x="887" y="1099"  width="400" height="432" frameX="-1" frameY="-0" frameWidth="415" frameHeight="435"/>
  <SubTexture name="BF NOTE RIGHT MISS0029.png" x="887" y="1099"  width="400" height="432" frameX="-1" frameY="-0" frameWidth="415" frameHeight="435"/>
  <SubTexture name="BF NOTE RIGHT MISS0030.png" x="887" y="1099"  width="400" height="432" frameX="-1" frameY="-0" frameWidth="415" frameHeight="435"/>
  <SubTexture name="BF NOTE RIGHT MISS0031.png" x="887" y="1099"  width="400" height="432" frameX="-1" frameY="-0" frameWidth="415" frameHeight="435"/>
  <SubTexture name="BF NOTE RIGHT MISS0032.png" x="887" y="1099"  width="400" height="432" frameX="-1" frameY="-0" frameWidth="415" frameHeight="435"/>
  <SubTexture name="BF NOTE RIGHT MISS0033.png" x="887" y="1099"  width="400" height="432" frameX="-1" frameY="-0" frameWidth="415" frameHeight="435"/>
  <SubTexture name="BF NOTE RIGHT MISS0034.png" x="887" y="1099"  width="400" height="432" frameX="-1" frameY="-0" frameWidth="415" frameHeight="435"/>
  <SubTexture name="BF NOTE RIGHT MISS0035.png" x="887" y="1099"  width="400" height="432" frameX="-1" frameY="-0" frameWidth="415" frameHeight="435"/>
  <SubTexture name="BF NOTE RIGHT MISS0036.png" x="887" y="1099"  width="400" height="432" frameX="-1" frameY="-0" frameWidth="415" frameHeight="435"/>
  <SubTexture name="BF NOTE RIGHT MISS0037.png" x="887" y="1099"  width="400" height="432" frameX="-1" frameY="-0" frameWidth="415" frameHeight="435"/>
  <SubTexture name="BF NOTE RIGHT MISS0038.png" x="887" y="1099"  width="400" height="432" frameX="-1" frameY="-0" frameWidth="415" frameHeight="435"/>
  <SubTexture name="BF NOTE RIGHT MISS0039.png" x="887" y="1099"  width="400" height="432" frameX="-1" frameY="-0" frameWidth="415" frameHeight="435"/>
  <SubTexture name="BF NOTE RIGHT MISS0040.png" x="887" y="1099"  width="400" height="432" frameX="-1" frameY="-0" frameWidth="415" frameHeight="435"/>
  <SubTexture name="BF NOTE RIGHT MISS0041.png" x="887" y="1099"  width="400" height="432" frameX="-1" frameY="-0" frameWidth="415" frameHeight="435"/>
  <SubTexture name="BF NOTE RIGHT MISS0042.png" x="887" y="1099"  width="400" height="432" frameX="-1" frameY="-0" frameWidth="415" frameHeight="435"/>
  <SubTexture name="BF NOTE RIGHT MISS0043.png" x="887" y="1099"  width="400" height="432" frameX="-1" frameY="-0" frameWidth="415" frameHeight="435"/>
  <SubTexture name="BF NOTE RIGHT MISS0044.png" x="887" y="1099"  width="400" height="432" frameX="-1" frameY="-0" frameWidth="415" frameHeight="435"/>
  <SubTexture name="BF NOTE RIGHT MISS0045.png" x="887" y="1099"  width="400" height="432" frameX="-1" frameY="-0" frameWidth="415" frameHeight="435"/>
  <SubTexture name="BF NOTE RIGHT0001.png" x="1564" y="412"  width="408" height="405" frameX="-1" frameY="-2" frameWidth="409" frameHeight="407"/>
  <SubTexture name="BF NOTE RIGHT0003.png" x="410" y="1590"  width="408" height="407" frameX="-0" frameY="-0" frameWidth="409" frameHeight="407"/>
  <SubTexture name="BF NOTE RIGHT0004.png" x="410" y="1590"  width="408" height="407" frameX="-0" frameY="-0" frameWidth="409" frameHeight="407"/>
  <SubTexture name="BF NOTE RIGHT0005.png" x="410" y="1590"  width="408" height="407" frameX="-0" frameY="-0" frameWidth="409" frameHeight="407"/>
  <SubTexture name="BF NOTE RIGHT0006.png" x="410" y="1590"  width="408" height="407" frameX="-0" frameY="-0" frameWidth="409" frameHeight="407"/>
  <SubTexture name="BF NOTE RIGHT0007.png" x="410" y="1590"  width="408" height="407" frameX="-0" frameY="-0" frameWidth="409" frameHeight="407"/>
  <SubTexture name="BF NOTE RIGHT0008.png" x="410" y="1590"  width="408" height="407" frameX="-0" frameY="-0" frameWidth="409" frameHeight="407"/>
  <SubTexture name="BF NOTE RIGHT0009.png" x="410" y="1590"  width="408" height="407" frameX="-0" frameY="-0" frameWidth="409" frameHeight="407"/>
  <SubTexture name="BF NOTE RIGHT0010.png" x="410" y="1590"  width="408" height="407" frameX="-0" frameY="-0" frameWidth="409" frameHeight="407"/>
  <SubTexture name="BF NOTE RIGHT0011.png" x="410" y="1590"  width="408" height="407" frameX="-0" frameY="-0" frameWidth="409" frameHeight="407"/>
  <SubTexture name="BF NOTE RIGHT0012.png" x="410" y="1590"  width="408" height="407" frameX="-0" frameY="-0" frameWidth="409" frameHeight="407"/>
  <SubTexture name="BF NOTE RIGHT0013.png" x="410" y="1590"  width="408" height="407" frameX="-0" frameY="-0" frameWidth="409" frameHeight="407"/>
  <SubTexture name="BF NOTE RIGHT0014.png" x="410" y="1590"  width="408" height="407" frameX="-0" frameY="-0" frameWidth="409" frameHeight="407"/>
  <SubTexture name="BF NOTE RIGHT0015.png" x="410" y="1590"  width="408" height="407" frameX="-0" frameY="-0" frameWidth="409" frameHeight="407"/>
  <SubTexture name="BF NOTE RIGHT0016.png" x="410" y="1590"  width="408" height="407" frameX="-0" frameY="-0" frameWidth="409" frameHeight="407"/>
  <SubTexture name="BF NOTE RIGHT0017.png" x="410" y="1590"  width="408" height="407" frameX="-0" frameY="-0" frameWidth="409" frameHeight="407"/>
  <SubTexture name="BF NOTE RIGHT0018.png" x="410" y="1590"  width="408" height="407" frameX="-0" frameY="-0" frameWidth="409" frameHeight="407"/>
  <SubTexture name="BF NOTE RIGHT0019.png" x="410" y="1590"  width="408" height="407" frameX="-0" frameY="-0" frameWidth="409" frameHeight="407"/>
  <SubTexture name="BF NOTE RIGHT0020.png" x="410" y="1590"  width="408" height="407" frameX="-0" frameY="-0" frameWidth="409" frameHeight="407"/>
  <SubTexture name="BF NOTE RIGHT0021.png" x="410" y="1590"  width="408" height="407" frameX="-0" frameY="-0" frameWidth="409" frameHeight="407"/>
  <SubTexture name="BF NOTE RIGHT0022.png" x="410" y="1590"  width="408" height="407" frameX="-0" frameY="-0" frameWidth="409" frameHeight="407"/>
  <SubTexture name="BF NOTE RIGHT0023.png" x="410" y="1590"  width="408" height="407" frameX="-0" frameY="-0" frameWidth="409" frameHeight="407"/>
  <SubTexture name="BF NOTE RIGHT0024.png" x="410" y="1590"  width="408" height="407" frameX="-0" frameY="-0" frameWidth="409" frameHeight="407"/>
  <SubTexture name="BF NOTE RIGHT0025.png" x="410" y="1590"  width="408" height="407" frameX="-0" frameY="-0" frameWidth="409" frameHeight="407"/>
  <SubTexture name="BF NOTE RIGHT0026.png" x="410" y="1590"  width="408" height="407" frameX="-0" frameY="-0" frameWidth="409" frameHeight="407"/>
  <SubTexture name="BF NOTE RIGHT0027.png" x="410" y="1590"  width="408" height="407" frameX="-0" frameY="-0" frameWidth="409" frameHeight="407"/>
  <SubTexture name="BF NOTE RIGHT0028.png" x="410" y="1590"  width="408" height="407" frameX="-0" frameY="-0" frameWidth="409" frameHeight="407"/>
  <SubTexture name="BF NOTE RIGHT0029.png" x="410" y="1590"  width="408" height="407" frameX="-0" frameY="-0" frameWidth="409" frameHeight="407"/>
  <SubTexture name="BF NOTE RIGHT0030.png" x="410" y="1590"  width="408" height="407" frameX="-0" frameY="-0" frameWidth="409" frameHeight="407"/>
  <SubTexture name="BF NOTE RIGHT0031.png" x="410" y="1590"  width="408" height="407" frameX="-0" frameY="-0" frameWidth="409" frameHeight="407"/>
  <SubTexture name="BF NOTE RIGHT0032.png" x="410" y="1590"  width="408" height="407" frameX="-0" frameY="-0" frameWidth="409" frameHeight="407"/>
  <SubTexture name="BF NOTE RIGHT0033.png" x="410" y="1590"  width="408" height="407" frameX="-0" frameY="-0" frameWidth="409" frameHeight="407"/>
  <SubTexture name="BF NOTE RIGHT0034.png" x="410" y="1590"  width="408" height="407" frameX="-0" frameY="-0" frameWidth="409" frameHeight="407"/>
  <SubTexture name="BF NOTE RIGHT0035.png" x="410" y="1590"  width="408" height="407" frameX="-0" frameY="-0" frameWidth="409" frameHeight="407"/>
  <SubTexture name="BF NOTE RIGHT0036.png" x="410" y="1590"  width="408" height="407" frameX="-0" frameY="-0" frameWidth="409" frameHeight="407"/>
  <SubTexture name="BF NOTE RIGHT0037.png" x="410" y="1590"  width="408" height="407" frameX="-0" frameY="-0" frameWidth="409" frameHeight="407"/>
  <SubTexture name="BF NOTE RIGHT0038.png" x="410" y="1590"  width="408" height="407" frameX="-0" frameY="-0" frameWidth="409" frameHeight="407"/>
  <SubTexture name="BF NOTE RIGHT0039.png" x="410" y="1590"  width="408" height="407" frameX="-0" frameY="-0" frameWidth="409" frameHeight="407"/>
  <SubTexture name="BF NOTE RIGHT0040.png" x="410" y="1590"  width="408" height="407" frameX="-0" frameY="-0" frameWidth="409" frameHeight="407"/>
  <SubTexture name="BF NOTE RIGHT0041.png" x="410" y="1590"  width="408" height="407" frameX="-0" frameY="-0" frameWidth="409" frameHeight="407"/>
  <SubTexture name="BF NOTE RIGHT0042.png" x="410" y="1590"  width="408" height="407" frameX="-0" frameY="-0" frameWidth="409" frameHeight="407"/>
  <SubTexture name="BF NOTE RIGHT0043.png" x="410" y="1590"  width="408" height="407" frameX="-0" frameY="-0" frameWidth="409" frameHeight="407"/>
  <SubTexture name="BF NOTE RIGHT0044.png" x="410" y="1590"  width="408" height="407" frameX="-0" frameY="-0" frameWidth="409" frameHeight="407"/>
  <SubTexture name="BF NOTE RIGHT0045.png" x="410" y="1590"  width="408" height="407" frameX="-0" frameY="-0" frameWidth="409" frameHeight="407"/>
  <SubTexture name="BF NOTE RIGHT0046.png" x="410" y="1590"  width="408" height="407" frameX="-0" frameY="-0" frameWidth="409" frameHeight="407"/>
  <SubTexture name="BF NOTE RIGHT0047.png" x="410" y="1590"  width="408" height="407" frameX="-0" frameY="-0" frameWidth="409" frameHeight="407"/>
  <SubTexture name="BF NOTE RIGHT0048.png" x="410" y="1590"  width="408" height="407" frameX="-0" frameY="-0" frameWidth="409" frameHeight="407"/>
  <SubTexture name="BF NOTE RIGHT0049.png" x="410" y="1590"  width="408" height="407" frameX="-0" frameY="-0" frameWidth="409" frameHeight="407"/>
  <SubTexture name="BF NOTE RIGHT0050.png" x="410" y="1590"  width="408" height="407" frameX="-0" frameY="-0" frameWidth="409" frameHeight="407"/>
  <SubTexture name="BF NOTE RIGHT0051.png" x="410" y="1590"  width="408" height="407" frameX="-0" frameY="-0" frameWidth="409" frameHeight="407"/>
  <SubTexture name="BF NOTE RIGHT0052.png" x="410" y="1590"  width="408" height="407" frameX="-0" frameY="-0" frameWidth="409" frameHeight="407"/>
  <SubTexture name="BF NOTE RIGHT0053.png" x="410" y="1590"  width="408" height="407" frameX="-0" frameY="-0" frameWidth="409" frameHeight="407"/>
  <SubTexture name="BF NOTE RIGHT0054.png" x="410" y="1590"  width="408" height="407" frameX="-0" frameY="-0" frameWidth="409" frameHeight="407"/>
  <SubTexture name="BF NOTE RIGHT0055.png" x="410" y="1590"  width="408" height="407" frameX="-0" frameY="-0" frameWidth="409" frameHeight="407"/>
  <SubTexture name="BF NOTE RIGHT0056.png" x="410" y="1590"  width="408" height="407" frameX="-0" frameY="-0" frameWidth="409" frameHeight="407"/>
  <SubTexture name="BF NOTE RIGHT0057.png" x="410" y="1590"  width="408" height="407" frameX="-0" frameY="-0" frameWidth="409" frameHeight="407"/>
  <SubTexture name="BF NOTE RIGHT0058.png" x="410" y="1590"  width="408" height="407" frameX="-0" frameY="-0" frameWidth="409" frameHeight="407"/>
  <SubTexture name="BF NOTE RIGHT0059.png" x="410" y="1590"  width="408" height="407" frameX="-0" frameY="-0" frameWidth="409" frameHeight="407"/>
  <SubTexture name="BF NOTE RIGHT0060.png" x="410" y="1590"  width="408" height="407" frameX="-0" frameY="-0" frameWidth="409" frameHeight="407"/>
  <SubTexture name="BF NOTE RIGHT0061.png" x="410" y="1590"  width="408" height="407" frameX="-0" frameY="-0" frameWidth="409" frameHeight="407"/>
  <SubTexture name="BF NOTE UP MISS0002.png" x="2037" y="1796"  width="359" height="427" frameX="-0" frameY="-13" frameWidth="378" frameHeight="446"/>
  <SubTexture name="BF NOTE UP MISS0004.png" x="2064" y="1263"  width="356" height="430" frameX="-1" frameY="-10" frameWidth="378" frameHeight="446"/>
  <SubTexture name="BF NOTE UP MISS0005.png" x="2064" y="1263"  width="356" height="430" frameX="-1" frameY="-10" frameWidth="378" frameHeight="446"/>
  <SubTexture name="BF NOTE UP MISS0006.png" x="2064" y="1263"  width="356" height="430" frameX="-1" frameY="-10" frameWidth="378" frameHeight="446"/>
  <SubTexture name="BF NOTE UP MISS0007.png" x="2064" y="1263"  width="356" height="430" frameX="-1" frameY="-10" frameWidth="378" frameHeight="446"/>
  <SubTexture name="BF NOTE UP MISS0008.png" x="2064" y="1263"  width="356" height="430" frameX="-1" frameY="-10" frameWidth="378" frameHeight="446"/>
  <SubTexture name="BF NOTE UP MISS0009.png" x="2064" y="1263"  width="356" height="430" frameX="-1" frameY="-10" frameWidth="378" frameHeight="446"/>
  <SubTexture name="BF NOTE UP MISS0010.png" x="2064" y="1263"  width="356" height="430" frameX="-1" frameY="-10" frameWidth="378" frameHeight="446"/>
  <SubTexture name="BF NOTE UP MISS0011.png" x="2064" y="1263"  width="356" height="430" frameX="-1" frameY="-10" frameWidth="378" frameHeight="446"/>
  <SubTexture name="BF NOTE UP MISS0012.png" x="2064" y="1263"  width="356" height="430" frameX="-1" frameY="-10" frameWidth="378" frameHeight="446"/>
  <SubTexture name="BF NOTE UP MISS0013.png" x="2064" y="1263"  width="356" height="430" frameX="-1" frameY="-10" frameWidth="378" frameHeight="446"/>
  <SubTexture name="BF NOTE UP MISS0014.png" x="2064" y="1263"  width="356" height="430" frameX="-1" frameY="-10" frameWidth="378" frameHeight="446"/>
  <SubTexture name="BF NOTE UP MISS0015.png" x="2064" y="1263"  width="356" height="430" frameX="-1" frameY="-10" frameWidth="378" frameHeight="446"/>
  <SubTexture name="BF NOTE UP MISS0016.png" x="2064" y="1263"  width="356" height="430" frameX="-1" frameY="-10" frameWidth="378" frameHeight="446"/>
  <SubTexture name="BF NOTE UP MISS0017.png" x="2064" y="1263"  width="356" height="430" frameX="-1" frameY="-10" frameWidth="378" frameHeight="446"/>
  <SubTexture name="BF NOTE UP MISS0018.png" x="2064" y="1263"  width="356" height="430" frameX="-1" frameY="-10" frameWidth="378" frameHeight="446"/>
  <SubTexture name="BF NOTE UP MISS0019.png" x="2064" y="1263"  width="356" height="430" frameX="-1" frameY="-10" frameWidth="378" frameHeight="446"/>
  <SubTexture name="BF NOTE UP MISS0020.png" x="2064" y="1263"  width="356" height="430" frameX="-1" frameY="-10" frameWidth="378" frameHeight="446"/>
  <SubTexture name="BF NOTE UP MISS0021.png" x="2064" y="1263"  width="356" height="430" frameX="-1" frameY="-10" frameWidth="378" frameHeight="446"/>
  <SubTexture name="BF NOTE UP MISS0022.png" x="2064" y="1263"  width="356" height="430" frameX="-1" frameY="-10" frameWidth="378" frameHeight="446"/>
  <SubTexture name="BF NOTE UP MISS0023.png" x="2064" y="1263"  width="356" height="430" frameX="-1" frameY="-10" frameWidth="378" frameHeight="446"/>
  <SubTexture name="BF NOTE UP0001.png" x="1695" y="1350"  width="369" height="446" frameX="-5" frameY="-0" frameWidth="376" frameHeight="446"/>
  <SubTexture name="BF NOTE UP0003.png" x="887" y="1531"  width="376" height="441" frameX="-0" frameY="-5" frameWidth="376" frameHeight="446"/>
  <SubTexture name="BF NOTE UP0004.png" x="887" y="1531"  width="376" height="441" frameX="-0" frameY="-5" frameWidth="376" frameHeight="446"/>
  <SubTexture name="BF NOTE UP0005.png" x="887" y="1531"  width="376" height="441" frameX="-0" frameY="-5" frameWidth="376" frameHeight="446"/>
  <SubTexture name="BF NOTE UP0006.png" x="887" y="1531"  width="376" height="441" frameX="-0" frameY="-5" frameWidth="376" frameHeight="446"/>
  <SubTexture name="BF NOTE UP0007.png" x="887" y="1531"  width="376" height="441" frameX="-0" frameY="-5" frameWidth="376" frameHeight="446"/>
  <SubTexture name="BF NOTE UP0008.png" x="887" y="1531"  width="376" height="441" frameX="-0" frameY="-5" frameWidth="376" frameHeight="446"/>
  <SubTexture name="BF NOTE UP0009.png" x="887" y="1531"  width="376" height="441" frameX="-0" frameY="-5" frameWidth="376" frameHeight="446"/>
  <SubTexture name="BF NOTE UP0010.png" x="887" y="1531"  width="376" height="441" frameX="-0" frameY="-5" frameWidth="376" frameHeight="446"/>
  <SubTexture name="BF NOTE UP0011.png" x="887" y="1531"  width="376" height="441" frameX="-0" frameY="-5" frameWidth="376" frameHeight="446"/>
  <SubTexture name="BF NOTE UP0012.png" x="887" y="1531"  width="376" height="441" frameX="-0" frameY="-5" frameWidth="376" frameHeight="446"/>
  <SubTexture name="BF NOTE UP0013.png" x="887" y="1531"  width="376" height="441" frameX="-0" frameY="-5" frameWidth="376" frameHeight="446"/>
  <SubTexture name="BF NOTE UP0014.png" x="887" y="1531"  width="376" height="441" frameX="-0" frameY="-5" frameWidth="376" frameHeight="446"/>
  <SubTexture name="BF idle dance0001.png" x="0" y="1643"  width="406" height="392" frameX="-1" frameY="-20" frameWidth="411" frameHeight="412"/>
  <SubTexture name="BF idle dance0003.png" x="818" y="1972"  width="408" height="393" frameX="-0" frameY="-19" frameWidth="411" frameHeight="412"/>
  <SubTexture name="BF idle dance0005.png" x="1263" y="1762"  width="405" height="398" frameX="-3" frameY="-14" frameWidth="411" frameHeight="412"/>
  <SubTexture name="BF idle dance0007.png" x="0" y="1232"  width="410" height="411" frameX="-1" frameY="-1" frameWidth="411" frameHeight="412"/>
  <SubTexture name="BF idle dance0009.png" x="1287" y="1350"  width="408" height="412" frameX="-2" frameY="-0" frameWidth="411" frameHeight="412"/>
  <SubTexture name="BF idle dance0010.png" x="1287" y="1350"  width="408" height="412" frameX="-2" frameY="-0" frameWidth="411" frameHeight="412"/>
  <SubTexture name="BF idle dance0011.png" x="1287" y="1350"  width="408" height="412" frameX="-2" frameY="-0" frameWidth="411" frameHeight="412"/>
  <SubTexture name="BF idle dance0012.png" x="1287" y="1350"  width="408" height="412" frameX="-2" frameY="-0" frameWidth="411" frameHeight="412"/>
  <SubTexture name="BF idle dance0013.png" x="1287" y="1350"  width="408" height="412" frameX="-2" frameY="-0" frameWidth="411" frameHeight="412"/>
  <SubTexture name="bf kick0001.png" x="0" y="810"  width="512" height="422" frameX="-0" frameY="-4" frameWidth="512" frameHeight="427"/>
  <SubTexture name="bf kick0003.png" x="673" y="673"  width="496" height="426" frameX="-15" frameY="-0" frameWidth="512" frameHeight="427"/>
  <SubTexture name="bf kick0004.png" x="673" y="673"  width="496" height="426" frameX="-15" frameY="-0" frameWidth="512" frameHeight="427"/>
  <SubTexture name="bf kick0005.png" x="673" y="673"  width="496" height="426" frameX="-15" frameY="-0" frameWidth="512" frameHeight="427"/>
  <SubTexture name="bf kick0006.png" x="673" y="673"  width="496" height="426" frameX="-15" frameY="-0" frameWidth="512" frameHeight="427"/>
  <SubTexture name="bf kick0007.png" x="673" y="673"  width="496" height="426" frameX="-15" frameY="-0" frameWidth="512" frameHeight="427"/>
  <SubTexture name="bf kick0008.png" x="673" y="673"  width="496" height="426" frameX="-15" frameY="-0" frameWidth="512" frameHeight="427"/>
  <SubTexture name="bf kick0009.png" x="673" y="673"  width="496" height="426" frameX="-15" frameY="-0" frameWidth="512" frameHeight="427"/>
  <SubTexture name="bf kick0010.png" x="673" y="673"  width="496" height="426" frameX="-15" frameY="-0" frameWidth="512" frameHeight="427"/>
  <SubTexture name="bf kick0011.png" x="673" y="673"  width="496" height="426" frameX="-15" frameY="-0" frameWidth="512" frameHeight="427"/>
  <SubTexture name="bf kick0012.png" x="673" y="673"  width="496" height="426" frameX="-15" frameY="-0" frameWidth="512" frameHeight="427"/>
  <SubTexture name="bf kick0013.png" x="673" y="673"  width="496" height="426" frameX="-15" frameY="-0" frameWidth="512" frameHeight="427"/>
  <SubTexture name="bf pip0001.png" x="0" y="0"  width="671" height="406" frameX="-0" frameY="-0" frameWidth="673" frameHeight="406"/>
  <SubTexture name="bf pip0003.png" x="0" y="406"  width="673" height="404" frameX="-0" frameY="-2" frameWidth="673" frameHeight="406"/>
  <SubTexture name="bf pip0005.png" x="673" y="0" width="404" height="673" rotated="true"  frameX="-0" frameY="-2" frameWidth="673" frameHeight="406"/>
  <SubTexture name="bf pip0006.png" x="673" y="0" width="404" height="673" rotated="true"  frameX="-0" frameY="-2" frameWidth="673" frameHeight="406"/>
  <SubTexture name="bf pip0007.png" x="673" y="0" width="404" height="673" rotated="true"  frameX="-0" frameY="-2" frameWidth="673" frameHeight="406"/>
  <SubTexture name="bf pip0008.png" x="673" y="0" width="404" height="673" rotated="true"  frameX="-0" frameY="-2" frameWidth="673" frameHeight="406"/>
  <SubTexture name="bf pip0009.png" x="673" y="0" width="404" height="673" rotated="true"  frameX="-0" frameY="-2" frameWidth="673" frameHeight="406"/>
  <SubTexture name="bf pip0010.png" x="673" y="0" width="404" height="673" rotated="true"  frameX="-0" frameY="-2" frameWidth="673" frameHeight="406"/>
  <SubTexture name="bf pip0011.png" x="673" y="0" width="404" height="673" rotated="true"  frameX="-0" frameY="-2" frameWidth="673" frameHeight="406"/>
  <SubTexture name="bf pip0012.png" x="673" y="0" width="404" height="673" rotated="true"  frameX="-0" frameY="-2" frameWidth="673" frameHeight="406"/>
  <SubTexture name="bf pip0013.png" x="673" y="0" width="404" height="673" rotated="true"  frameX="-0" frameY="-2" frameWidth="673" frameHeight="406"/>
  <SubTexture name="bf pip0014.png" x="673" y="0" width="404" height="673" rotated="true"  frameX="-0" frameY="-2" frameWidth="673" frameHeight="406"/>
  <SubTexture name="bf punch0001.png" x="1077" y="0"  width="374" height="508" frameX="-0" frameY="-0" frameWidth="379" frameHeight="508"/>
  <SubTexture name="bf punch0003.png" x="512" y="1099"  width="375" height="491" frameX="-4" frameY="-17" frameWidth="379" frameHeight="508"/>
  <SubTexture name="bf punch0004.png" x="512" y="1099"  width="375" height="491" frameX="-4" frameY="-17" frameWidth="379" frameHeight="508"/>
  <SubTexture name="bf punch0005.png" x="512" y="1099"  width="375" height="491" frameX="-4" frameY="-17" frameWidth="379" frameHeight="508"/>
  <SubTexture name="bf punch0006.png" x="512" y="1099"  width="375" height="491" frameX="-4" frameY="-17" frameWidth="379" frameHeight="508"/>
  <SubTexture name="bf punch0007.png" x="512" y="1099"  width="375" height="491" frameX="-4" frameY="-17" frameWidth="379" frameHeight="508"/>
  <SubTexture name="bf punch0008.png" x="512" y="1099"  width="375" height="491" frameX="-4" frameY="-17" frameWidth="379" frameHeight="508"/>
  <SubTexture name="bf punch0009.png" x="512" y="1099"  width="375" height="491" frameX="-4" frameY="-17" frameWidth="379" frameHeight="508"/>
  <SubTexture name="bf punch0010.png" x="512" y="1099"  width="375" height="491" frameX="-4" frameY="-17" frameWidth="379" frameHeight="508"/>
  <SubTexture name="bf punch0011.png" x="512" y="1099"  width="375" height="491" frameX="-4" frameY="-17" frameWidth="379" frameHeight="508"/>
  <SubTexture name="bf punch0012.png" x="512" y="1099"  width="375" height="491" frameX="-4" frameY="-17" frameWidth="379" frameHeight="508"/>
  <SubTexture name="bf punch0013.png" x="512" y="1099"  width="375" height="491" frameX="-4" frameY="-17" frameWidth="379" frameHeight="508"/>
  <SubTexture name="bf punch0014.png" x="512" y="1099"  width="375" height="491" frameX="-4" frameY="-17" frameWidth="379" frameHeight="508"/>
</TextureAtlas>