<?xml version="1.0" encoding="UTF-8"?>
<!--
Created with Free texture packer v0.6.7 http://free-tex-packer.com
-->
<TextureAtlas imagePath="dan.png" width="2437" height="2685">
  <SubTexture name="pip0000.png" x="0" y="0"  width="669" height="488" frameX="-0" frameY="-0" frameWidth="669" frameHeight="488"/>
  <SubTexture name="pip0002.png" x="0" y="488"  width="669" height="485" frameX="-0" frameY="-3" frameWidth="669" frameHeight="488"/>
  <SubTexture name="pip0004.png" x="669" y="0" width="484" height="669" rotated="true"  frameX="-0" frameY="-4" frameWidth="669" frameHeight="488"/>
  <SubTexture name="up0000.png" x="0" y="973" width="539" height="351" rotated="true"  frameX="-2" frameY="-0" frameWidth="353" frameHeight="539"/>
  <SubTexture name="up0002.png" x="539" y="973" width="533" height="348" rotated="true"  frameX="-0" frameY="-6" frameWidth="353" frameHeight="539"/>
  <SubTexture name="idunno0008.png" x="1153" y="0" width="519" height="526" rotated="true"  frameX="-1" frameY="-5" frameWidth="528" frameHeight="524"/>
  <SubTexture name="idunno0004.png" x="1072" y="669"  width="525" height="524" frameX="-0" frameY="-0" frameWidth="528" frameHeight="524"/>
  <SubTexture name="idunno0006.png" x="0" y="1324"  width="525" height="517" frameX="-2" frameY="-7" frameWidth="528" frameHeight="524"/>
  <SubTexture name="idunno0002.png" x="525" y="1324" width="522" height="517" rotated="true"  frameX="-4" frameY="-2" frameWidth="528" frameHeight="524"/>
  <SubTexture name="kick0000.png" x="1047" y="1321" width="472" height="518" rotated="true"  frameX="-31" frameY="-30" frameWidth="549" frameHeight="520"/>
  <SubTexture name="left0002.png" x="1672" y="0"  width="412" height="518" frameX="-4" frameY="-0" frameWidth="416" frameHeight="518"/>
  <SubTexture name="left0000.png" x="1672" y="518"  width="410" height="517" frameX="-0" frameY="-1" frameWidth="416" frameHeight="518"/>
  <SubTexture name="kick0002.png" x="1597" y="1035" width="477" height="508" rotated="true"  frameX="-25" frameY="-25" frameWidth="549" frameHeight="520"/>
  <SubTexture name="idunno0021.png" x="0" y="1841" width="507" height="491" rotated="true"  frameX="-20" frameY="-17" frameWidth="528" frameHeight="524"/>
  <SubTexture name="idunno0000.png" x="1519" y="1543" width="494" height="359" rotated="true"  frameX="-105" frameY="-30" frameWidth="528" frameHeight="524"/>
  <SubTexture name="right0000.png" x="507" y="1841"  width="459" height="488" frameX="-1" frameY="-1" frameWidth="460" frameHeight="490"/>
  <SubTexture name="right0002.png" x="966" y="1841"  width="451" height="488" frameX="-0" frameY="-1" frameWidth="460" frameHeight="490"/>
  <SubTexture name="ew0000.png" x="1417" y="1902" width="481" height="332" rotated="true"  frameX="-2" frameY="-0" frameWidth="336" frameHeight="481"/>
  <SubTexture name="idle0008.png" x="2084" y="0"  width="353" height="480" frameX="-0" frameY="-1" frameWidth="357" frameHeight="481"/>
  <SubTexture name="idle0006.png" x="2084" y="480"  width="352" height="478" frameX="-1" frameY="-3" frameWidth="357" frameHeight="481"/>
  <SubTexture name="ew0002.png" x="2082" y="958"  width="336" height="476" frameX="-0" frameY="-5" frameWidth="336" frameHeight="481"/>
  <SubTexture name="ew0004.png" x="2074" y="1434"  width="336" height="475" frameX="-0" frameY="-6" frameWidth="336" frameHeight="481"/>
  <SubTexture name="idle0004.png" x="1898" y="1909" width="470" height="352" rotated="true"  frameX="-2" frameY="-11" frameWidth="357" frameHeight="481"/>
  <SubTexture name="idle0000.png" x="0" y="2332" width="460" height="353" rotated="true"  frameX="-4" frameY="-21" frameWidth="357" frameHeight="481"/>
  <SubTexture name="idle0002.png" x="460" y="2332" width="456" height="350" rotated="true"  frameX="-5" frameY="-25" frameWidth="357" frameHeight="481"/>
  <SubTexture name="down0002.png" x="1417" y="2234" width="453" height="392" rotated="true"  frameX="-4" frameY="-1" frameWidth="396" frameHeight="455"/>
  <SubTexture name="down0000.png" x="1870" y="2261" width="449" height="396" rotated="true"  frameX="-0" frameY="-5" frameWidth="396" frameHeight="455"/>
  <SubTexture name="down0001.png" x="1870" y="2261" width="449" height="396" rotated="true"  frameX="-0" frameY="-5" frameWidth="396" frameHeight="455"/>
  <SubTexture name="down0003.png" x="1417" y="2234" width="453" height="392" rotated="true"  frameX="-4" frameY="-1" frameWidth="396" frameHeight="455"/>
  <SubTexture name="down0004.png" x="1417" y="2234" width="453" height="392" rotated="true"  frameX="-4" frameY="-1" frameWidth="396" frameHeight="455"/>
  <SubTexture name="down0005.png" x="1417" y="2234" width="453" height="392" rotated="true"  frameX="-4" frameY="-1" frameWidth="396" frameHeight="455"/>
  <SubTexture name="down0006.png" x="1417" y="2234" width="453" height="392" rotated="true"  frameX="-4" frameY="-1" frameWidth="396" frameHeight="455"/>
  <SubTexture name="down0007.png" x="1417" y="2234" width="453" height="392" rotated="true"  frameX="-4" frameY="-1" frameWidth="396" frameHeight="455"/>
  <SubTexture name="down0008.png" x="1417" y="2234" width="453" height="392" rotated="true"  frameX="-4" frameY="-1" frameWidth="396" frameHeight="455"/>
  <SubTexture name="down0009.png" x="1417" y="2234" width="453" height="392" rotated="true"  frameX="-4" frameY="-1" frameWidth="396" frameHeight="455"/>
  <SubTexture name="down0010.png" x="1417" y="2234" width="453" height="392" rotated="true"  frameX="-4" frameY="-1" frameWidth="396" frameHeight="455"/>
  <SubTexture name="down0011.png" x="1417" y="2234" width="453" height="392" rotated="true"  frameX="-4" frameY="-1" frameWidth="396" frameHeight="455"/>
  <SubTexture name="down0012.png" x="1417" y="2234" width="453" height="392" rotated="true"  frameX="-4" frameY="-1" frameWidth="396" frameHeight="455"/>
  <SubTexture name="down0013.png" x="1417" y="2234" width="453" height="392" rotated="true"  frameX="-4" frameY="-1" frameWidth="396" frameHeight="455"/>
  <SubTexture name="down0014.png" x="1417" y="2234" width="453" height="392" rotated="true"  frameX="-4" frameY="-1" frameWidth="396" frameHeight="455"/>
  <SubTexture name="down0015.png" x="1417" y="2234" width="453" height="392" rotated="true"  frameX="-4" frameY="-1" frameWidth="396" frameHeight="455"/>
  <SubTexture name="ew0001.png" x="1417" y="1902" width="481" height="332" rotated="true"  frameX="-2" frameY="-0" frameWidth="336" frameHeight="481"/>
  <SubTexture name="ew0003.png" x="2082" y="958"  width="336" height="476" frameX="-0" frameY="-5" frameWidth="336" frameHeight="481"/>
  <SubTexture name="ew0005.png" x="2074" y="1434"  width="336" height="475" frameX="-0" frameY="-6" frameWidth="336" frameHeight="481"/>
  <SubTexture name="ew0006.png" x="2074" y="1434"  width="336" height="475" frameX="-0" frameY="-6" frameWidth="336" frameHeight="481"/>
  <SubTexture name="ew0007.png" x="2074" y="1434"  width="336" height="475" frameX="-0" frameY="-6" frameWidth="336" frameHeight="481"/>
  <SubTexture name="ew0008.png" x="2074" y="1434"  width="336" height="475" frameX="-0" frameY="-6" frameWidth="336" frameHeight="481"/>
  <SubTexture name="ew0009.png" x="2074" y="1434"  width="336" height="475" frameX="-0" frameY="-6" frameWidth="336" frameHeight="481"/>
  <SubTexture name="ew0010.png" x="2074" y="1434"  width="336" height="475" frameX="-0" frameY="-6" frameWidth="336" frameHeight="481"/>
  <SubTexture name="ew0011.png" x="2074" y="1434"  width="336" height="475" frameX="-0" frameY="-6" frameWidth="336" frameHeight="481"/>
  <SubTexture name="ew0012.png" x="2074" y="1434"  width="336" height="475" frameX="-0" frameY="-6" frameWidth="336" frameHeight="481"/>
  <SubTexture name="ew0013.png" x="2074" y="1434"  width="336" height="475" frameX="-0" frameY="-6" frameWidth="336" frameHeight="481"/>
  <SubTexture name="ew0014.png" x="2074" y="1434"  width="336" height="475" frameX="-0" frameY="-6" frameWidth="336" frameHeight="481"/>
  <SubTexture name="ew0015.png" x="2074" y="1434"  width="336" height="475" frameX="-0" frameY="-6" frameWidth="336" frameHeight="481"/>
  <SubTexture name="ew0016.png" x="2074" y="1434"  width="336" height="475" frameX="-0" frameY="-6" frameWidth="336" frameHeight="481"/>
  <SubTexture name="ew0017.png" x="2074" y="1434"  width="336" height="475" frameX="-0" frameY="-6" frameWidth="336" frameHeight="481"/>
  <SubTexture name="ew0018.png" x="2074" y="1434"  width="336" height="475" frameX="-0" frameY="-6" frameWidth="336" frameHeight="481"/>
  <SubTexture name="ew0019.png" x="2074" y="1434"  width="336" height="475" frameX="-0" frameY="-6" frameWidth="336" frameHeight="481"/>
  <SubTexture name="idle0001.png" x="0" y="2332" width="460" height="353" rotated="true"  frameX="-4" frameY="-21" frameWidth="357" frameHeight="481"/>
  <SubTexture name="idle0003.png" x="460" y="2332" width="456" height="350" rotated="true"  frameX="-5" frameY="-25" frameWidth="357" frameHeight="481"/>
  <SubTexture name="idle0005.png" x="1898" y="1909" width="470" height="352" rotated="true"  frameX="-2" frameY="-11" frameWidth="357" frameHeight="481"/>
  <SubTexture name="idle0007.png" x="2084" y="480"  width="352" height="478" frameX="-1" frameY="-3" frameWidth="357" frameHeight="481"/>
  <SubTexture name="idle0009.png" x="2084" y="0"  width="353" height="480" frameX="-0" frameY="-1" frameWidth="357" frameHeight="481"/>
  <SubTexture name="idle0010.png" x="2084" y="0"  width="353" height="480" frameX="-0" frameY="-1" frameWidth="357" frameHeight="481"/>
  <SubTexture name="idle0011.png" x="2084" y="0"  width="353" height="480" frameX="-0" frameY="-1" frameWidth="357" frameHeight="481"/>
  <SubTexture name="idle0012.png" x="2084" y="0"  width="353" height="480" frameX="-0" frameY="-1" frameWidth="357" frameHeight="481"/>
  <SubTexture name="idle0013.png" x="2084" y="0"  width="353" height="480" frameX="-0" frameY="-1" frameWidth="357" frameHeight="481"/>
  <SubTexture name="idle0014.png" x="2084" y="0"  width="353" height="480" frameX="-0" frameY="-1" frameWidth="357" frameHeight="481"/>
  <SubTexture name="idle0015.png" x="2084" y="0"  width="353" height="480" frameX="-0" frameY="-1" frameWidth="357" frameHeight="481"/>
  <SubTexture name="idunno0001.png" x="1519" y="1543" width="494" height="359" rotated="true"  frameX="-105" frameY="-30" frameWidth="528" frameHeight="524"/>
  <SubTexture name="idunno0003.png" x="525" y="1324" width="522" height="517" rotated="true"  frameX="-4" frameY="-2" frameWidth="528" frameHeight="524"/>
  <SubTexture name="idunno0005.png" x="1072" y="669"  width="525" height="524" frameX="-0" frameY="-0" frameWidth="528" frameHeight="524"/>
  <SubTexture name="idunno0007.png" x="0" y="1324"  width="525" height="517" frameX="-2" frameY="-7" frameWidth="528" frameHeight="524"/>
  <SubTexture name="idunno0009.png" x="1153" y="0" width="519" height="526" rotated="true"  frameX="-1" frameY="-5" frameWidth="528" frameHeight="524"/>
  <SubTexture name="idunno0010.png" x="1153" y="0" width="519" height="526" rotated="true"  frameX="-1" frameY="-5" frameWidth="528" frameHeight="524"/>
  <SubTexture name="idunno0011.png" x="1153" y="0" width="519" height="526" rotated="true"  frameX="-1" frameY="-5" frameWidth="528" frameHeight="524"/>
  <SubTexture name="idunno0012.png" x="1153" y="0" width="519" height="526" rotated="true"  frameX="-1" frameY="-5" frameWidth="528" frameHeight="524"/>
  <SubTexture name="idunno0013.png" x="1153" y="0" width="519" height="526" rotated="true"  frameX="-1" frameY="-5" frameWidth="528" frameHeight="524"/>
  <SubTexture name="idunno0014.png" x="1153" y="0" width="519" height="526" rotated="true"  frameX="-1" frameY="-5" frameWidth="528" frameHeight="524"/>
  <SubTexture name="idunno0015.png" x="1153" y="0" width="519" height="526" rotated="true"  frameX="-1" frameY="-5" frameWidth="528" frameHeight="524"/>
  <SubTexture name="idunno0016.png" x="1153" y="0" width="519" height="526" rotated="true"  frameX="-1" frameY="-5" frameWidth="528" frameHeight="524"/>
  <SubTexture name="idunno0017.png" x="1153" y="0" width="519" height="526" rotated="true"  frameX="-1" frameY="-5" frameWidth="528" frameHeight="524"/>
  <SubTexture name="idunno0018.png" x="1153" y="0" width="519" height="526" rotated="true"  frameX="-1" frameY="-5" frameWidth="528" frameHeight="524"/>
  <SubTexture name="idunno0019.png" x="1153" y="0" width="519" height="526" rotated="true"  frameX="-1" frameY="-5" frameWidth="528" frameHeight="524"/>
  <SubTexture name="idunno0020.png" x="1153" y="0" width="519" height="526" rotated="true"  frameX="-1" frameY="-5" frameWidth="528" frameHeight="524"/>
  <SubTexture name="idunno0022.png" x="0" y="1841" width="507" height="491" rotated="true"  frameX="-20" frameY="-17" frameWidth="528" frameHeight="524"/>
  <SubTexture name="kick0001.png" x="1047" y="1321" width="472" height="518" rotated="true"  frameX="-31" frameY="-30" frameWidth="549" frameHeight="520"/>
  <SubTexture name="kick0003.png" x="1597" y="1035" width="477" height="508" rotated="true"  frameX="-25" frameY="-25" frameWidth="549" frameHeight="520"/>
  <SubTexture name="kick0004.png" x="1597" y="1035" width="477" height="508" rotated="true"  frameX="-25" frameY="-25" frameWidth="549" frameHeight="520"/>
  <SubTexture name="kick0005.png" x="1597" y="1035" width="477" height="508" rotated="true"  frameX="-25" frameY="-25" frameWidth="549" frameHeight="520"/>
  <SubTexture name="kick0006.png" x="1597" y="1035" width="477" height="508" rotated="true"  frameX="-25" frameY="-25" frameWidth="549" frameHeight="520"/>
  <SubTexture name="kick0007.png" x="1597" y="1035" width="477" height="508" rotated="true"  frameX="-25" frameY="-25" frameWidth="549" frameHeight="520"/>
  <SubTexture name="kick0008.png" x="1597" y="1035" width="477" height="508" rotated="true"  frameX="-25" frameY="-25" frameWidth="549" frameHeight="520"/>
  <SubTexture name="kick0009.png" x="1597" y="1035" width="477" height="508" rotated="true"  frameX="-25" frameY="-25" frameWidth="549" frameHeight="520"/>
  <SubTexture name="kick0010.png" x="1597" y="1035" width="477" height="508" rotated="true"  frameX="-25" frameY="-25" frameWidth="549" frameHeight="520"/>
  <SubTexture name="kick0011.png" x="1597" y="1035" width="477" height="508" rotated="true"  frameX="-25" frameY="-25" frameWidth="549" frameHeight="520"/>
  <SubTexture name="kick0012.png" x="1597" y="1035" width="477" height="508" rotated="true"  frameX="-25" frameY="-25" frameWidth="549" frameHeight="520"/>
  <SubTexture name="kick0013.png" x="1597" y="1035" width="477" height="508" rotated="true"  frameX="-25" frameY="-25" frameWidth="549" frameHeight="520"/>
  <SubTexture name="kick0014.png" x="1597" y="1035" width="477" height="508" rotated="true"  frameX="-25" frameY="-25" frameWidth="549" frameHeight="520"/>
  <SubTexture name="kick0015.png" x="1597" y="1035" width="477" height="508" rotated="true"  frameX="-25" frameY="-25" frameWidth="549" frameHeight="520"/>
  <SubTexture name="left0001.png" x="1672" y="518"  width="410" height="517" frameX="-0" frameY="-1" frameWidth="416" frameHeight="518"/>
  <SubTexture name="left0003.png" x="1672" y="0"  width="412" height="518" frameX="-4" frameY="-0" frameWidth="416" frameHeight="518"/>
  <SubTexture name="left0004.png" x="1672" y="0"  width="412" height="518" frameX="-4" frameY="-0" frameWidth="416" frameHeight="518"/>
  <SubTexture name="left0005.png" x="1672" y="0"  width="412" height="518" frameX="-4" frameY="-0" frameWidth="416" frameHeight="518"/>
  <SubTexture name="left0006.png" x="1672" y="0"  width="412" height="518" frameX="-4" frameY="-0" frameWidth="416" frameHeight="518"/>
  <SubTexture name="left0007.png" x="1672" y="0"  width="412" height="518" frameX="-4" frameY="-0" frameWidth="416" frameHeight="518"/>
  <SubTexture name="left0008.png" x="1672" y="0"  width="412" height="518" frameX="-4" frameY="-0" frameWidth="416" frameHeight="518"/>
  <SubTexture name="left0009.png" x="1672" y="0"  width="412" height="518" frameX="-4" frameY="-0" frameWidth="416" frameHeight="518"/>
  <SubTexture name="left0010.png" x="1672" y="0"  width="412" height="518" frameX="-4" frameY="-0" frameWidth="416" frameHeight="518"/>
  <SubTexture name="left0011.png" x="1672" y="0"  width="412" height="518" frameX="-4" frameY="-0" frameWidth="416" frameHeight="518"/>
  <SubTexture name="left0012.png" x="1672" y="0"  width="412" height="518" frameX="-4" frameY="-0" frameWidth="416" frameHeight="518"/>
  <SubTexture name="left0013.png" x="1672" y="0"  width="412" height="518" frameX="-4" frameY="-0" frameWidth="416" frameHeight="518"/>
  <SubTexture name="left0014.png" x="1672" y="0"  width="412" height="518" frameX="-4" frameY="-0" frameWidth="416" frameHeight="518"/>
  <SubTexture name="left0015.png" x="1672" y="0"  width="412" height="518" frameX="-4" frameY="-0" frameWidth="416" frameHeight="518"/>
  <SubTexture name="pip0001.png" x="0" y="0"  width="669" height="488" frameX="-0" frameY="-0" frameWidth="669" frameHeight="488"/>
  <SubTexture name="pip0003.png" x="0" y="488"  width="669" height="485" frameX="-0" frameY="-3" frameWidth="669" frameHeight="488"/>
  <SubTexture name="pip0005.png" x="669" y="0" width="484" height="669" rotated="true"  frameX="-0" frameY="-4" frameWidth="669" frameHeight="488"/>
  <SubTexture name="pip0006.png" x="669" y="0" width="484" height="669" rotated="true"  frameX="-0" frameY="-4" frameWidth="669" frameHeight="488"/>
  <SubTexture name="right0001.png" x="507" y="1841"  width="459" height="488" frameX="-1" frameY="-1" frameWidth="460" frameHeight="490"/>
  <SubTexture name="right0003.png" x="966" y="1841"  width="451" height="488" frameX="-0" frameY="-1" frameWidth="460" frameHeight="490"/>
  <SubTexture name="right0004.png" x="966" y="1841"  width="451" height="488" frameX="-0" frameY="-1" frameWidth="460" frameHeight="490"/>
  <SubTexture name="right0005.png" x="966" y="1841"  width="451" height="488" frameX="-0" frameY="-1" frameWidth="460" frameHeight="490"/>
  <SubTexture name="right0006.png" x="966" y="1841"  width="451" height="488" frameX="-0" frameY="-1" frameWidth="460" frameHeight="490"/>
  <SubTexture name="right0007.png" x="966" y="1841"  width="451" height="488" frameX="-0" frameY="-1" frameWidth="460" frameHeight="490"/>
  <SubTexture name="right0008.png" x="966" y="1841"  width="451" height="488" frameX="-0" frameY="-1" frameWidth="460" frameHeight="490"/>
  <SubTexture name="right0009.png" x="966" y="1841"  width="451" height="488" frameX="-0" frameY="-1" frameWidth="460" frameHeight="490"/>
  <SubTexture name="right0010.png" x="966" y="1841"  width="451" height="488" frameX="-0" frameY="-1" frameWidth="460" frameHeight="490"/>
  <SubTexture name="right0011.png" x="966" y="1841"  width="451" height="488" frameX="-0" frameY="-1" frameWidth="460" frameHeight="490"/>
  <SubTexture name="right0012.png" x="966" y="1841"  width="451" height="488" frameX="-0" frameY="-1" frameWidth="460" frameHeight="490"/>
  <SubTexture name="right0013.png" x="966" y="1841"  width="451" height="488" frameX="-0" frameY="-1" frameWidth="460" frameHeight="490"/>
  <SubTexture name="right0014.png" x="966" y="1841"  width="451" height="488" frameX="-0" frameY="-1" frameWidth="460" frameHeight="490"/>
  <SubTexture name="right0015.png" x="966" y="1841"  width="451" height="488" frameX="-0" frameY="-1" frameWidth="460" frameHeight="490"/>
  <SubTexture name="up0001.png" x="0" y="973" width="539" height="351" rotated="true"  frameX="-2" frameY="-0" frameWidth="353" frameHeight="539"/>
  <SubTexture name="up0003.png" x="539" y="973" width="533" height="348" rotated="true"  frameX="-0" frameY="-6" frameWidth="353" frameHeight="539"/>
  <SubTexture name="up0004.png" x="539" y="973" width="533" height="348" rotated="true"  frameX="-0" frameY="-6" frameWidth="353" frameHeight="539"/>
  <SubTexture name="up0005.png" x="539" y="973" width="533" height="348" rotated="true"  frameX="-0" frameY="-6" frameWidth="353" frameHeight="539"/>
  <SubTexture name="up0006.png" x="539" y="973" width="533" height="348" rotated="true"  frameX="-0" frameY="-6" frameWidth="353" frameHeight="539"/>
  <SubTexture name="up0007.png" x="539" y="973" width="533" height="348" rotated="true"  frameX="-0" frameY="-6" frameWidth="353" frameHeight="539"/>
  <SubTexture name="up0008.png" x="539" y="973" width="533" height="348" rotated="true"  frameX="-0" frameY="-6" frameWidth="353" frameHeight="539"/>
  <SubTexture name="up0009.png" x="539" y="973" width="533" height="348" rotated="true"  frameX="-0" frameY="-6" frameWidth="353" frameHeight="539"/>
  <SubTexture name="up0010.png" x="539" y="973" width="533" height="348" rotated="true"  frameX="-0" frameY="-6" frameWidth="353" frameHeight="539"/>
  <SubTexture name="up0011.png" x="539" y="973" width="533" height="348" rotated="true"  frameX="-0" frameY="-6" frameWidth="353" frameHeight="539"/>
  <SubTexture name="up0012.png" x="539" y="973" width="533" height="348" rotated="true"  frameX="-0" frameY="-6" frameWidth="353" frameHeight="539"/>
  <SubTexture name="up0013.png" x="539" y="973" width="533" height="348" rotated="true"  frameX="-0" frameY="-6" frameWidth="353" frameHeight="539"/>
  <SubTexture name="up0014.png" x="539" y="973" width="533" height="348" rotated="true"  frameX="-0" frameY="-6" frameWidth="353" frameHeight="539"/>
  <SubTexture name="up0015.png" x="539" y="973" width="533" height="348" rotated="true"  frameX="-0" frameY="-6" frameWidth="353" frameHeight="539"/>
</TextureAtlas>