<?xml version="1.0" encoding="UTF-8"?>
<!--
Created with Free texture packer v0.6.7 http://free-tex-packer.com
-->
<TextureAtlas imagePath="gf.png" width="1757" height="1244">
  <SubTexture name="GF Dancing Beat0013.png" x="0" y="0"  width="302" height="420" frameX="-6" frameY="-0" frameWidth="309" frameHeight="422"/>
  <SubTexture name="GF Dancing Beat0010.png" x="302" y="0"  width="301" height="420" frameX="-7" frameY="-0" frameWidth="309" frameHeight="422"/>
  <SubTexture name="GF Dancing Beat0007.png" x="603" y="0"  width="293" height="420" frameX="-14" frameY="-0" frameWidth="309" frameHeight="422"/>
  <SubTexture name="GF Dancing Beat0022.png" x="896" y="0"  width="291" height="415" frameX="-18" frameY="-5" frameWidth="309" frameHeight="422"/>
  <SubTexture name="GF Dancing Beat0025.png" x="896" y="415"  width="290" height="414" frameX="-18" frameY="-6" frameWidth="309" frameHeight="422"/>
  <SubTexture name="GF Dancing Beat0028.png" x="0" y="420"  width="289" height="414" frameX="-18" frameY="-6" frameWidth="309" frameHeight="422"/>
  <SubTexture name="GF Dancing Beat0015.png" x="289" y="420"  width="295" height="410" frameX="-13" frameY="-12" frameWidth="309" frameHeight="422"/>
  <SubTexture name="GF Dancing Beat0017.png" x="584" y="829"  width="295" height="410" frameX="-14" frameY="-12" frameWidth="309" frameHeight="422"/>
  <SubTexture name="GF Dancing Beat0018.png" x="584" y="420"  width="295" height="409" frameX="-14" frameY="-12" frameWidth="309" frameHeight="422"/>
  <SubTexture name="GF Dancing Beat0019.png" x="0" y="834"  width="292" height="410" frameX="-16" frameY="-11" frameWidth="309" frameHeight="422"/>
  <SubTexture name="GF Dancing Beat0021.png" x="292" y="830"  width="290" height="410" frameX="-17" frameY="-10" frameWidth="309" frameHeight="422"/>
  <SubTexture name="GF Dancing Beat0020.png" x="879" y="829"  width="292" height="409" frameX="-16" frameY="-11" frameWidth="309" frameHeight="422"/>
  <SubTexture name="GF Dancing Beat0006.png" x="1171" y="829"  width="287" height="409" frameX="-3" frameY="-11" frameWidth="309" frameHeight="422"/>
  <SubTexture name="GF Dancing Beat0004.png" x="1187" y="0"  width="285" height="408" frameX="-1" frameY="-13" frameWidth="309" frameHeight="422"/>
  <SubTexture name="GF Dancing Beat0005.png" x="1187" y="408"  width="285" height="407" frameX="-1" frameY="-13" frameWidth="309" frameHeight="422"/>
  <SubTexture name="GF Dancing Beat0000.png" x="1458" y="815"  width="283" height="408" frameX="-1" frameY="-14" frameWidth="309" frameHeight="422"/>
  <SubTexture name="GF Dancing Beat0002.png" x="1472" y="0"  width="285" height="406" frameX="-0" frameY="-16" frameWidth="309" frameHeight="422"/>
  <SubTexture name="GF Dancing Beat0003.png" x="1472" y="406"  width="285" height="405" frameX="-0" frameY="-16" frameWidth="309" frameHeight="422"/>
  <SubTexture name="GF Dancing Beat0001.png" x="1458" y="815"  width="283" height="408" frameX="-1" frameY="-14" frameWidth="309" frameHeight="422"/>
  <SubTexture name="GF Dancing Beat0008.png" x="603" y="0"  width="293" height="420" frameX="-14" frameY="-0" frameWidth="309" frameHeight="422"/>
  <SubTexture name="GF Dancing Beat0009.png" x="603" y="0"  width="293" height="420" frameX="-14" frameY="-0" frameWidth="309" frameHeight="422"/>
  <SubTexture name="GF Dancing Beat0011.png" x="302" y="0"  width="301" height="420" frameX="-7" frameY="-0" frameWidth="309" frameHeight="422"/>
  <SubTexture name="GF Dancing Beat0012.png" x="302" y="0"  width="301" height="420" frameX="-7" frameY="-0" frameWidth="309" frameHeight="422"/>
  <SubTexture name="GF Dancing Beat0014.png" x="0" y="0"  width="302" height="420" frameX="-6" frameY="-0" frameWidth="309" frameHeight="422"/>
  <SubTexture name="GF Dancing Beat0016.png" x="289" y="420"  width="295" height="410" frameX="-13" frameY="-12" frameWidth="309" frameHeight="422"/>
  <SubTexture name="GF Dancing Beat0023.png" x="896" y="0"  width="291" height="415" frameX="-18" frameY="-5" frameWidth="309" frameHeight="422"/>
  <SubTexture name="GF Dancing Beat0024.png" x="896" y="0"  width="291" height="415" frameX="-18" frameY="-5" frameWidth="309" frameHeight="422"/>
  <SubTexture name="GF Dancing Beat0026.png" x="896" y="415"  width="290" height="414" frameX="-18" frameY="-6" frameWidth="309" frameHeight="422"/>
  <SubTexture name="GF Dancing Beat0027.png" x="896" y="415"  width="290" height="414" frameX="-18" frameY="-6" frameWidth="309" frameHeight="422"/>
  <SubTexture name="GF Dancing Beat0029.png" x="0" y="420"  width="289" height="414" frameX="-18" frameY="-6" frameWidth="309" frameHeight="422"/>
</TextureAtlas>