<?xml version="1.0" encoding="UTF-8"?>
<!--
Created with Free texture packer v0.6.7 http://free-tex-packer.com
-->
<TextureAtlas imagePath="josie.png" width="567" height="890">
  <SubTexture name="josie_idle0000.png" x="0" y="0"  width="289" height="441" frameX="-0" frameY="-6" frameWidth="289" frameHeight="448"/>
  <SubTexture name="josie_idle0006.png" x="289" y="0"  width="278" height="447" frameX="-4" frameY="-0" frameWidth="289" frameHeight="448"/>
  <SubTexture name="josie_idle0004.png" x="0" y="441"  width="278" height="446" frameX="-4" frameY="-1" frameWidth="289" frameHeight="448"/>
  <SubTexture name="josie_idle0002.png" x="278" y="447"  width="287" height="443" frameX="-0" frameY="-4" frameWidth="289" frameHeight="448"/>
  <SubTexture name="josie_idle0001.png" x="0" y="0"  width="289" height="441" frameX="-0" frameY="-6" frameWidth="289" frameHeight="448"/>
  <SubTexture name="josie_idle0003.png" x="278" y="447"  width="287" height="443" frameX="-0" frameY="-4" frameWidth="289" frameHeight="448"/>
  <SubTexture name="josie_idle0005.png" x="0" y="441"  width="278" height="446" frameX="-4" frameY="-1" frameWidth="289" frameHeight="448"/>
  <SubTexture name="josie_idle0007.png" x="289" y="0"  width="278" height="447" frameX="-4" frameY="-0" frameWidth="289" frameHeight="448"/>
  <SubTexture name="josie_idle0008.png" x="289" y="0"  width="278" height="447" frameX="-4" frameY="-0" frameWidth="289" frameHeight="448"/>
  <SubTexture name="josie_idle0009.png" x="289" y="0"  width="278" height="447" frameX="-4" frameY="-0" frameWidth="289" frameHeight="448"/>
  <SubTexture name="josie_idle0010.png" x="289" y="0"  width="278" height="447" frameX="-4" frameY="-0" frameWidth="289" frameHeight="448"/>
  <SubTexture name="josie_idle0011.png" x="289" y="0"  width="278" height="447" frameX="-4" frameY="-0" frameWidth="289" frameHeight="448"/>
  <SubTexture name="josie_idle0012.png" x="289" y="0"  width="278" height="447" frameX="-4" frameY="-0" frameWidth="289" frameHeight="448"/>
  <SubTexture name="josie_idle0013.png" x="289" y="0"  width="278" height="447" frameX="-4" frameY="-0" frameWidth="289" frameHeight="448"/>
  <SubTexture name="josie_idle0014.png" x="289" y="0"  width="278" height="447" frameX="-4" frameY="-0" frameWidth="289" frameHeight="448"/>
  <SubTexture name="josie_idle0015.png" x="289" y="0"  width="278" height="447" frameX="-4" frameY="-0" frameWidth="289" frameHeight="448"/>
</TextureAtlas>