<?xml version="1.0" encoding="UTF-8"?>
<!--
Created with Free texture packer v0.6.7 http://free-tex-packer.com
-->
<TextureAtlas imagePath="Nene_assets.png" width="2076" height="2181">
  <SubTexture name="Nene Abot Idle0007.png" x="0" y="0"  width="440" height="474" frameX="-0" frameY="-0" frameWidth="461" frameHeight="476"/>
  <SubTexture name="Nene Abot Idle0008.png" x="440" y="0"  width="438" height="474" frameX="-2" frameY="-0" frameWidth="461" frameHeight="476"/>
  <SubTexture name="Nene Abot Idle0012.png" x="0" y="474"  width="440" height="474" frameX="-3" frameY="-0" frameWidth="461" frameHeight="476"/>
  <SubTexture name="Nene Abot Idle0013.png" x="440" y="474"  width="436" height="474" frameX="-9" frameY="-0" frameWidth="461" frameHeight="476"/>
  <SubTexture name="Nene Abot Idle0009.png" x="878" y="0"  width="438" height="473" frameX="-2" frameY="-0" frameWidth="461" frameHeight="476"/>
  <SubTexture name="Nene Abot Idle0010.png" x="876" y="474"  width="440" height="473" frameX="-3" frameY="-0" frameWidth="461" frameHeight="476"/>
  <SubTexture name="Nene Abot Idle0006.png" x="0" y="948"  width="424" height="471" frameX="-0" frameY="-3" frameWidth="461" frameHeight="476"/>
  <SubTexture name="Nene Abot Idle0002.png" x="424" y="948"  width="405" height="470" frameX="-13" frameY="-6" frameWidth="461" frameHeight="476"/>
  <SubTexture name="Nene Abot Idle0004.png" x="829" y="948"  width="413" height="470" frameX="-5" frameY="-5" frameWidth="461" frameHeight="476"/>
  <SubTexture name="Nene Abot Idle0005.png" x="1316" y="0"  width="413" height="470" frameX="-5" frameY="-5" frameWidth="461" frameHeight="476"/>
  <SubTexture name="Nene Abot Idle0014.png" x="1242" y="947"  width="436" height="470" frameX="-9" frameY="-0" frameWidth="461" frameHeight="476"/>
  <SubTexture name="Nene Abot Idle0000.png" x="1316" y="470"  width="319" height="457" frameX="-98" frameY="-7" frameWidth="461" frameHeight="476"/>
  <SubTexture name="Nene Abot Idle0029.png" x="0" y="1419"  width="345" height="402" frameX="-98" frameY="-0" frameWidth="461" frameHeight="476"/>
  <SubTexture name="Nene Abot Idle0015.png" x="345" y="1419"  width="393" height="393" frameX="-67" frameY="-18" frameWidth="461" frameHeight="476"/>
  <SubTexture name="Nene Abot Idle0027.png" x="738" y="1418"  width="347" height="375" frameX="-98" frameY="-0" frameWidth="461" frameHeight="476"/>
  <SubTexture name="Nene Abot Idle0028.png" x="1085" y="1418"  width="345" height="375" frameX="-98" frameY="-0" frameWidth="461" frameHeight="476"/>
  <SubTexture name="Nene Abot Idle0025.png" x="1729" y="0"  width="347" height="368" frameX="-98" frameY="-0" frameWidth="461" frameHeight="476"/>
  <SubTexture name="Nene Abot Idle0024.png" x="1430" y="1417"  width="348" height="367" frameX="-98" frameY="-1" frameWidth="461" frameHeight="476"/>
  <SubTexture name="Nene Abot Idle0022.png" x="1678" y="470"  width="348" height="365" frameX="-98" frameY="-1" frameWidth="461" frameHeight="476"/>
  <SubTexture name="Nene Abot Idle0023.png" x="1678" y="835"  width="348" height="365" frameX="-98" frameY="-1" frameWidth="461" frameHeight="476"/>
  <SubTexture name="Nene Abot Idle0017.png" x="0" y="1821"  width="362" height="360" frameX="-99" frameY="-18" frameWidth="461" frameHeight="476"/>
  <SubTexture name="Nene Abot Idle0019.png" x="362" y="1812"  width="360" height="351" frameX="-99" frameY="-17" frameWidth="461" frameHeight="476"/>
  <SubTexture name="Nene Abot Idle0020.png" x="722" y="1812"  width="360" height="351" frameX="-99" frameY="-17" frameWidth="461" frameHeight="476"/>
  <SubTexture name="Nene Abot Idle0021.png" x="1082" y="1793"  width="358" height="352" frameX="-99" frameY="-14" frameWidth="461" frameHeight="476"/>
  <SubTexture name="Nene Abot Idle0001.png" x="1316" y="470"  width="319" height="457" frameX="-98" frameY="-7" frameWidth="461" frameHeight="476"/>
  <SubTexture name="Nene Abot Idle0003.png" x="424" y="948"  width="405" height="470" frameX="-13" frameY="-6" frameWidth="461" frameHeight="476"/>
  <SubTexture name="Nene Abot Idle0011.png" x="876" y="474"  width="440" height="473" frameX="-3" frameY="-0" frameWidth="461" frameHeight="476"/>
  <SubTexture name="Nene Abot Idle0016.png" x="345" y="1419"  width="393" height="393" frameX="-67" frameY="-18" frameWidth="461" frameHeight="476"/>
  <SubTexture name="Nene Abot Idle0018.png" x="0" y="1821"  width="362" height="360" frameX="-99" frameY="-18" frameWidth="461" frameHeight="476"/>
  <SubTexture name="Nene Abot Idle0026.png" x="1729" y="0"  width="347" height="368" frameX="-98" frameY="-0" frameWidth="461" frameHeight="476"/>
</TextureAtlas>