<?xml version="1.0" encoding="UTF-8"?>
<!--
Created with Free texture packer v0.6.7 http://free-tex-packer.com
-->
<TextureAtlas imagePath="pico.png" width="2928" height="2957">
  <SubTexture name="Pico Down Note MISS0000.png" x="0" y="0"  width="722" height="340" frameX="-10" frameY="-52" frameWidth="736" frameHeight="392"/>
  <SubTexture name="Pico Down Note0000.png" x="0" y="340"  width="722" height="382" frameX="-13" frameY="-9" frameWidth="736" frameHeight="392"/>
  <SubTexture name="pico Up note miss0002.png" x="722" y="0"  width="444" height="530" frameX="-4" frameY="-0" frameWidth="451" frameHeight="530"/>
  <SubTexture name="pico Up note miss0004.png" x="722" y="530"  width="444" height="530" frameX="-4" frameY="-0" frameWidth="451" frameHeight="530"/>
  <SubTexture name="pico Up note miss0000.png" x="1166" y="0"  width="451" height="526" frameX="-0" frameY="-4" frameWidth="451" frameHeight="530"/>
  <SubTexture name="Pico Note Right Miss0000.png" x="0" y="722" width="522" height="443" rotated="true"  frameX="-0" frameY="-0" frameWidth="446" frameHeight="522"/>
  <SubTexture name="Pico Note Right Miss0002.png" x="1166" y="526"  width="444" height="522" frameX="-1" frameY="-0" frameWidth="446" frameHeight="522"/>
  <SubTexture name="Pico Note Right Miss0004.png" x="0" y="1165" width="522" height="444" rotated="true"  frameX="-1" frameY="-0" frameWidth="446" frameHeight="522"/>
  <SubTexture name="Pico Down Note0002.png" x="522" y="1060" width="392" height="502" rotated="true"  frameX="-0" frameY="-0" frameWidth="736" frameHeight="392"/>
  <SubTexture name="Pico NOTE LEFT miss0000.png" x="914" y="1060"  width="458" height="500" frameX="-2" frameY="-0" frameWidth="461" frameHeight="500"/>
  <SubTexture name="Pico NOTE LEFT miss0002.png" x="0" y="1609" width="500" height="459" rotated="true"  frameX="-0" frameY="-0" frameWidth="461" frameHeight="500"/>
  <SubTexture name="Pico NOTE LEFT miss0004.png" x="500" y="1609" width="500" height="459" rotated="true"  frameX="-0" frameY="-0" frameWidth="461" frameHeight="500"/>
  <SubTexture name="Pico Down Note MISS0003.png" x="1000" y="1560" width="425" height="499" rotated="true"  frameX="-0" frameY="-6" frameWidth="733" frameHeight="434"/>
  <SubTexture name="Pico Down Note MISS0005.png" x="1617" y="0" width="425" height="499" rotated="true"  frameX="-0" frameY="-6" frameWidth="733" frameHeight="434"/>
  <SubTexture name="Pico Down Note MISS0001.png" x="1610" y="526" width="431" height="495" rotated="true"  frameX="-2" frameY="-0" frameWidth="733" frameHeight="434"/>
  <SubTexture name="pico Up note0000.png" x="1610" y="1021"  width="432" height="495" frameX="-0" frameY="-0" frameWidth="433" frameHeight="495"/>
  <SubTexture name="pico Up note0002.png" x="1425" y="1516"  width="432" height="490" frameX="-1" frameY="-5" frameWidth="433" frameHeight="495"/>
  <SubTexture name="Pico Idle Dance0008.png" x="2042" y="0"  width="443" height="475" frameX="-0" frameY="-0" frameWidth="453" frameHeight="475"/>
  <SubTexture name="Pico Note Right0000.png" x="1857" y="1516"  width="458" height="475" frameX="-1" frameY="-1" frameWidth="459" frameHeight="476"/>
  <SubTexture name="Pico Idle Dance0006.png" x="2042" y="475"  width="443" height="474" frameX="-1" frameY="-1" frameWidth="453" frameHeight="475"/>
  <SubTexture name="Pico Idle Dance0007.png" x="2042" y="949"  width="442" height="474" frameX="-1" frameY="-1" frameWidth="453" frameHeight="475"/>
  <SubTexture name="burp small plus talk pico0007.png" x="0" y="2068" width="474" height="442" rotated="true"  frameX="-34" frameY="-0" frameWidth="479" frameHeight="475"/>
  <SubTexture name="burp small plus talk pico0010.png" x="474" y="2068" width="474" height="442" rotated="true"  frameX="-37" frameY="-0" frameWidth="479" frameHeight="475"/>
  <SubTexture name="Pico Note Right0002.png" x="948" y="2068" width="472" height="442" rotated="true"  frameX="-0" frameY="-4" frameWidth="459" frameHeight="476"/>
  <SubTexture name="Pico Idle Dance0002.png" x="1420" y="2059" width="468" height="442" rotated="true"  frameX="-11" frameY="-6" frameWidth="453" frameHeight="475"/>
  <SubTexture name="Pico Idle Dance0004.png" x="1888" y="1991"  width="448" height="468" frameX="-1" frameY="-6" frameWidth="453" frameHeight="475"/>
  <SubTexture name="Pico Idle Dance0005.png" x="2485" y="0"  width="443" height="468" frameX="-1" frameY="-6" frameWidth="453" frameHeight="475"/>
  <SubTexture name="burp small plus talk pico0002.png" x="2315" y="1423"  width="447" height="468" frameX="-0" frameY="-6" frameWidth="479" frameHeight="475"/>
  <SubTexture name="burp small plus talk pico0003.png" x="2336" y="1891" width="468" height="447" rotated="true"  frameX="-0" frameY="-6" frameWidth="479" frameHeight="475"/>
  <SubTexture name="burp small plus talk pico0004.png" x="0" y="2510" width="468" height="447" rotated="true"  frameX="-0" frameY="-6" frameWidth="479" frameHeight="475"/>
  <SubTexture name="burp small plus talk pico0005.png" x="2485" y="468"  width="439" height="468" frameX="-11" frameY="-6" frameWidth="479" frameHeight="475"/>
  <SubTexture name="burp small plus talk pico0006.png" x="2485" y="936"  width="439" height="468" frameX="-11" frameY="-6" frameWidth="479" frameHeight="475"/>
  <SubTexture name="burp small plus talk pico0000.png" x="468" y="2510" width="466" height="439" rotated="true"  frameX="-1" frameY="-8" frameWidth="479" frameHeight="475"/>
  <SubTexture name="burp small plus talk pico0001.png" x="934" y="2510" width="466" height="439" rotated="true"  frameX="-1" frameY="-8" frameWidth="479" frameHeight="475"/>
  <SubTexture name="Pico NOTE LEFT0002.png" x="1420" y="2501" width="464" height="455" rotated="true"  frameX="-0" frameY="-0" frameWidth="455" frameHeight="464"/>
  <SubTexture name="Pico NOTE LEFT0000.png" x="1884" y="2501" width="462" height="449" rotated="true"  frameX="-6" frameY="-2" frameWidth="455" frameHeight="464"/>
  <SubTexture name="Pico Idle Dance0000.png" x="2346" y="2338" width="460" height="435" rotated="true"  frameX="-18" frameY="-13" frameWidth="453" frameHeight="475"/>
  <SubTexture name="Pico Down Note MISS0002.png" x="1610" y="526" width="431" height="495" rotated="true"  frameX="-2" frameY="-0" frameWidth="733" frameHeight="434"/>
  <SubTexture name="Pico Down Note MISS0004.png" x="1000" y="1560" width="425" height="499" rotated="true"  frameX="-0" frameY="-6" frameWidth="733" frameHeight="434"/>
  <SubTexture name="Pico Down Note MISS0007.png" x="1000" y="1560" width="425" height="499" rotated="true"  frameX="-0" frameY="-6" frameWidth="733" frameHeight="434"/>
  <SubTexture name="Pico Down Note MISS0008.png" x="1000" y="1560" width="425" height="499" rotated="true"  frameX="-0" frameY="-6" frameWidth="733" frameHeight="434"/>
  <SubTexture name="Pico Down Note MISS0011.png" x="1000" y="1560" width="425" height="499" rotated="true"  frameX="-0" frameY="-6" frameWidth="733" frameHeight="434"/>
  <SubTexture name="Pico Down Note MISS0012.png" x="1000" y="1560" width="425" height="499" rotated="true"  frameX="-0" frameY="-6" frameWidth="733" frameHeight="434"/>
  <SubTexture name="Pico Down Note MISS0015.png" x="1000" y="1560" width="425" height="499" rotated="true"  frameX="-0" frameY="-6" frameWidth="733" frameHeight="434"/>
  <SubTexture name="Pico Down Note MISS0016.png" x="1000" y="1560" width="425" height="499" rotated="true"  frameX="-0" frameY="-6" frameWidth="733" frameHeight="434"/>
  <SubTexture name="Pico Down Note MISS0019.png" x="1000" y="1560" width="425" height="499" rotated="true"  frameX="-0" frameY="-6" frameWidth="733" frameHeight="434"/>
  <SubTexture name="Pico Down Note MISS0020.png" x="1000" y="1560" width="425" height="499" rotated="true"  frameX="-0" frameY="-6" frameWidth="733" frameHeight="434"/>
  <SubTexture name="Pico Down Note MISS0023.png" x="1000" y="1560" width="425" height="499" rotated="true"  frameX="-0" frameY="-6" frameWidth="733" frameHeight="434"/>
  <SubTexture name="Pico Down Note MISS0024.png" x="1000" y="1560" width="425" height="499" rotated="true"  frameX="-0" frameY="-6" frameWidth="733" frameHeight="434"/>
  <SubTexture name="Pico Down Note MISS0006.png" x="1617" y="0" width="425" height="499" rotated="true"  frameX="-0" frameY="-6" frameWidth="733" frameHeight="434"/>
  <SubTexture name="Pico Down Note MISS0009.png" x="1617" y="0" width="425" height="499" rotated="true"  frameX="-0" frameY="-6" frameWidth="733" frameHeight="434"/>
  <SubTexture name="Pico Down Note MISS0010.png" x="1617" y="0" width="425" height="499" rotated="true"  frameX="-0" frameY="-6" frameWidth="733" frameHeight="434"/>
  <SubTexture name="Pico Down Note MISS0013.png" x="1617" y="0" width="425" height="499" rotated="true"  frameX="-0" frameY="-6" frameWidth="733" frameHeight="434"/>
  <SubTexture name="Pico Down Note MISS0014.png" x="1617" y="0" width="425" height="499" rotated="true"  frameX="-0" frameY="-6" frameWidth="733" frameHeight="434"/>
  <SubTexture name="Pico Down Note MISS0017.png" x="1617" y="0" width="425" height="499" rotated="true"  frameX="-0" frameY="-6" frameWidth="733" frameHeight="434"/>
  <SubTexture name="Pico Down Note MISS0018.png" x="1617" y="0" width="425" height="499" rotated="true"  frameX="-0" frameY="-6" frameWidth="733" frameHeight="434"/>
  <SubTexture name="Pico Down Note MISS0021.png" x="1617" y="0" width="425" height="499" rotated="true"  frameX="-0" frameY="-6" frameWidth="733" frameHeight="434"/>
  <SubTexture name="Pico Down Note MISS0022.png" x="1617" y="0" width="425" height="499" rotated="true"  frameX="-0" frameY="-6" frameWidth="733" frameHeight="434"/>
  <SubTexture name="Pico Down Note0001.png" x="0" y="340"  width="722" height="382" frameX="-13" frameY="-9" frameWidth="736" frameHeight="392"/>
  <SubTexture name="Pico Down Note0003.png" x="522" y="1060" width="392" height="502" rotated="true"  frameX="-0" frameY="-0" frameWidth="736" frameHeight="392"/>
  <SubTexture name="Pico Down Note0004.png" x="522" y="1060" width="392" height="502" rotated="true"  frameX="-0" frameY="-0" frameWidth="736" frameHeight="392"/>
  <SubTexture name="Pico Down Note0005.png" x="522" y="1060" width="392" height="502" rotated="true"  frameX="-0" frameY="-0" frameWidth="736" frameHeight="392"/>
  <SubTexture name="Pico Down Note0006.png" x="522" y="1060" width="392" height="502" rotated="true"  frameX="-0" frameY="-0" frameWidth="736" frameHeight="392"/>
  <SubTexture name="Pico Down Note0007.png" x="522" y="1060" width="392" height="502" rotated="true"  frameX="-0" frameY="-0" frameWidth="736" frameHeight="392"/>
  <SubTexture name="Pico Down Note0008.png" x="522" y="1060" width="392" height="502" rotated="true"  frameX="-0" frameY="-0" frameWidth="736" frameHeight="392"/>
  <SubTexture name="Pico Down Note0009.png" x="522" y="1060" width="392" height="502" rotated="true"  frameX="-0" frameY="-0" frameWidth="736" frameHeight="392"/>
  <SubTexture name="Pico Down Note0010.png" x="522" y="1060" width="392" height="502" rotated="true"  frameX="-0" frameY="-0" frameWidth="736" frameHeight="392"/>
  <SubTexture name="Pico Idle Dance0001.png" x="2346" y="2338" width="460" height="435" rotated="true"  frameX="-18" frameY="-13" frameWidth="453" frameHeight="475"/>
  <SubTexture name="Pico Idle Dance0003.png" x="1420" y="2059" width="468" height="442" rotated="true"  frameX="-11" frameY="-6" frameWidth="453" frameHeight="475"/>
  <SubTexture name="Pico Idle Dance0009.png" x="2042" y="0"  width="443" height="475" frameX="-0" frameY="-0" frameWidth="453" frameHeight="475"/>
  <SubTexture name="Pico Idle Dance0010.png" x="2042" y="0"  width="443" height="475" frameX="-0" frameY="-0" frameWidth="453" frameHeight="475"/>
  <SubTexture name="Pico Idle Dance0011.png" x="2042" y="0"  width="443" height="475" frameX="-0" frameY="-0" frameWidth="453" frameHeight="475"/>
  <SubTexture name="Pico Idle Dance0012.png" x="2042" y="0"  width="443" height="475" frameX="-0" frameY="-0" frameWidth="453" frameHeight="475"/>
  <SubTexture name="Pico Idle Dance0013.png" x="2042" y="0"  width="443" height="475" frameX="-0" frameY="-0" frameWidth="453" frameHeight="475"/>
  <SubTexture name="Pico NOTE LEFT miss0001.png" x="914" y="1060"  width="458" height="500" frameX="-2" frameY="-0" frameWidth="461" frameHeight="500"/>
  <SubTexture name="Pico NOTE LEFT miss0003.png" x="0" y="1609" width="500" height="459" rotated="true"  frameX="-0" frameY="-0" frameWidth="461" frameHeight="500"/>
  <SubTexture name="Pico NOTE LEFT miss0006.png" x="0" y="1609" width="500" height="459" rotated="true"  frameX="-0" frameY="-0" frameWidth="461" frameHeight="500"/>
  <SubTexture name="Pico NOTE LEFT miss0007.png" x="0" y="1609" width="500" height="459" rotated="true"  frameX="-0" frameY="-0" frameWidth="461" frameHeight="500"/>
  <SubTexture name="Pico NOTE LEFT miss0010.png" x="0" y="1609" width="500" height="459" rotated="true"  frameX="-0" frameY="-0" frameWidth="461" frameHeight="500"/>
  <SubTexture name="Pico NOTE LEFT miss0011.png" x="0" y="1609" width="500" height="459" rotated="true"  frameX="-0" frameY="-0" frameWidth="461" frameHeight="500"/>
  <SubTexture name="Pico NOTE LEFT miss0014.png" x="0" y="1609" width="500" height="459" rotated="true"  frameX="-0" frameY="-0" frameWidth="461" frameHeight="500"/>
  <SubTexture name="Pico NOTE LEFT miss0015.png" x="0" y="1609" width="500" height="459" rotated="true"  frameX="-0" frameY="-0" frameWidth="461" frameHeight="500"/>
  <SubTexture name="Pico NOTE LEFT miss0018.png" x="0" y="1609" width="500" height="459" rotated="true"  frameX="-0" frameY="-0" frameWidth="461" frameHeight="500"/>
  <SubTexture name="Pico NOTE LEFT miss0019.png" x="0" y="1609" width="500" height="459" rotated="true"  frameX="-0" frameY="-0" frameWidth="461" frameHeight="500"/>
  <SubTexture name="Pico NOTE LEFT miss0022.png" x="0" y="1609" width="500" height="459" rotated="true"  frameX="-0" frameY="-0" frameWidth="461" frameHeight="500"/>
  <SubTexture name="Pico NOTE LEFT miss0023.png" x="0" y="1609" width="500" height="459" rotated="true"  frameX="-0" frameY="-0" frameWidth="461" frameHeight="500"/>
  <SubTexture name="Pico NOTE LEFT miss0005.png" x="500" y="1609" width="500" height="459" rotated="true"  frameX="-0" frameY="-0" frameWidth="461" frameHeight="500"/>
  <SubTexture name="Pico NOTE LEFT miss0008.png" x="500" y="1609" width="500" height="459" rotated="true"  frameX="-0" frameY="-0" frameWidth="461" frameHeight="500"/>
  <SubTexture name="Pico NOTE LEFT miss0009.png" x="500" y="1609" width="500" height="459" rotated="true"  frameX="-0" frameY="-0" frameWidth="461" frameHeight="500"/>
  <SubTexture name="Pico NOTE LEFT miss0012.png" x="500" y="1609" width="500" height="459" rotated="true"  frameX="-0" frameY="-0" frameWidth="461" frameHeight="500"/>
  <SubTexture name="Pico NOTE LEFT miss0013.png" x="500" y="1609" width="500" height="459" rotated="true"  frameX="-0" frameY="-0" frameWidth="461" frameHeight="500"/>
  <SubTexture name="Pico NOTE LEFT miss0016.png" x="500" y="1609" width="500" height="459" rotated="true"  frameX="-0" frameY="-0" frameWidth="461" frameHeight="500"/>
  <SubTexture name="Pico NOTE LEFT miss0017.png" x="500" y="1609" width="500" height="459" rotated="true"  frameX="-0" frameY="-0" frameWidth="461" frameHeight="500"/>
  <SubTexture name="Pico NOTE LEFT miss0020.png" x="500" y="1609" width="500" height="459" rotated="true"  frameX="-0" frameY="-0" frameWidth="461" frameHeight="500"/>
  <SubTexture name="Pico NOTE LEFT miss0021.png" x="500" y="1609" width="500" height="459" rotated="true"  frameX="-0" frameY="-0" frameWidth="461" frameHeight="500"/>
  <SubTexture name="Pico NOTE LEFT0001.png" x="1884" y="2501" width="462" height="449" rotated="true"  frameX="-6" frameY="-2" frameWidth="455" frameHeight="464"/>
  <SubTexture name="Pico NOTE LEFT0003.png" x="1420" y="2501" width="464" height="455" rotated="true"  frameX="-0" frameY="-0" frameWidth="455" frameHeight="464"/>
  <SubTexture name="Pico NOTE LEFT0004.png" x="1420" y="2501" width="464" height="455" rotated="true"  frameX="-0" frameY="-0" frameWidth="455" frameHeight="464"/>
  <SubTexture name="Pico NOTE LEFT0005.png" x="1420" y="2501" width="464" height="455" rotated="true"  frameX="-0" frameY="-0" frameWidth="455" frameHeight="464"/>
  <SubTexture name="Pico NOTE LEFT0006.png" x="1420" y="2501" width="464" height="455" rotated="true"  frameX="-0" frameY="-0" frameWidth="455" frameHeight="464"/>
  <SubTexture name="Pico NOTE LEFT0007.png" x="1420" y="2501" width="464" height="455" rotated="true"  frameX="-0" frameY="-0" frameWidth="455" frameHeight="464"/>
  <SubTexture name="Pico NOTE LEFT0008.png" x="1420" y="2501" width="464" height="455" rotated="true"  frameX="-0" frameY="-0" frameWidth="455" frameHeight="464"/>
  <SubTexture name="Pico NOTE LEFT0009.png" x="1420" y="2501" width="464" height="455" rotated="true"  frameX="-0" frameY="-0" frameWidth="455" frameHeight="464"/>
  <SubTexture name="Pico NOTE LEFT0010.png" x="1420" y="2501" width="464" height="455" rotated="true"  frameX="-0" frameY="-0" frameWidth="455" frameHeight="464"/>
  <SubTexture name="Pico NOTE LEFT0011.png" x="1420" y="2501" width="464" height="455" rotated="true"  frameX="-0" frameY="-0" frameWidth="455" frameHeight="464"/>
  <SubTexture name="Pico NOTE LEFT0012.png" x="1420" y="2501" width="464" height="455" rotated="true"  frameX="-0" frameY="-0" frameWidth="455" frameHeight="464"/>
  <SubTexture name="Pico NOTE LEFT0013.png" x="1420" y="2501" width="464" height="455" rotated="true"  frameX="-0" frameY="-0" frameWidth="455" frameHeight="464"/>
  <SubTexture name="Pico NOTE LEFT0014.png" x="1420" y="2501" width="464" height="455" rotated="true"  frameX="-0" frameY="-0" frameWidth="455" frameHeight="464"/>
  <SubTexture name="Pico NOTE LEFT0015.png" x="1420" y="2501" width="464" height="455" rotated="true"  frameX="-0" frameY="-0" frameWidth="455" frameHeight="464"/>
  <SubTexture name="Pico NOTE LEFT0016.png" x="1420" y="2501" width="464" height="455" rotated="true"  frameX="-0" frameY="-0" frameWidth="455" frameHeight="464"/>
  <SubTexture name="Pico Note Right Miss0001.png" x="0" y="722" width="522" height="443" rotated="true"  frameX="-0" frameY="-0" frameWidth="446" frameHeight="522"/>
  <SubTexture name="Pico Note Right Miss0003.png" x="1166" y="526"  width="444" height="522" frameX="-1" frameY="-0" frameWidth="446" frameHeight="522"/>
  <SubTexture name="Pico Note Right Miss0006.png" x="1166" y="526"  width="444" height="522" frameX="-1" frameY="-0" frameWidth="446" frameHeight="522"/>
  <SubTexture name="Pico Note Right Miss0007.png" x="1166" y="526"  width="444" height="522" frameX="-1" frameY="-0" frameWidth="446" frameHeight="522"/>
  <SubTexture name="Pico Note Right Miss0010.png" x="1166" y="526"  width="444" height="522" frameX="-1" frameY="-0" frameWidth="446" frameHeight="522"/>
  <SubTexture name="Pico Note Right Miss0011.png" x="1166" y="526"  width="444" height="522" frameX="-1" frameY="-0" frameWidth="446" frameHeight="522"/>
  <SubTexture name="Pico Note Right Miss0014.png" x="1166" y="526"  width="444" height="522" frameX="-1" frameY="-0" frameWidth="446" frameHeight="522"/>
  <SubTexture name="Pico Note Right Miss0015.png" x="1166" y="526"  width="444" height="522" frameX="-1" frameY="-0" frameWidth="446" frameHeight="522"/>
  <SubTexture name="Pico Note Right Miss0018.png" x="1166" y="526"  width="444" height="522" frameX="-1" frameY="-0" frameWidth="446" frameHeight="522"/>
  <SubTexture name="Pico Note Right Miss0019.png" x="1166" y="526"  width="444" height="522" frameX="-1" frameY="-0" frameWidth="446" frameHeight="522"/>
  <SubTexture name="Pico Note Right Miss0022.png" x="1166" y="526"  width="444" height="522" frameX="-1" frameY="-0" frameWidth="446" frameHeight="522"/>
  <SubTexture name="Pico Note Right Miss0023.png" x="1166" y="526"  width="444" height="522" frameX="-1" frameY="-0" frameWidth="446" frameHeight="522"/>
  <SubTexture name="Pico Note Right Miss0005.png" x="0" y="1165" width="522" height="444" rotated="true"  frameX="-1" frameY="-0" frameWidth="446" frameHeight="522"/>
  <SubTexture name="Pico Note Right Miss0008.png" x="0" y="1165" width="522" height="444" rotated="true"  frameX="-1" frameY="-0" frameWidth="446" frameHeight="522"/>
  <SubTexture name="Pico Note Right Miss0009.png" x="0" y="1165" width="522" height="444" rotated="true"  frameX="-1" frameY="-0" frameWidth="446" frameHeight="522"/>
  <SubTexture name="Pico Note Right Miss0012.png" x="0" y="1165" width="522" height="444" rotated="true"  frameX="-1" frameY="-0" frameWidth="446" frameHeight="522"/>
  <SubTexture name="Pico Note Right Miss0013.png" x="0" y="1165" width="522" height="444" rotated="true"  frameX="-1" frameY="-0" frameWidth="446" frameHeight="522"/>
  <SubTexture name="Pico Note Right Miss0016.png" x="0" y="1165" width="522" height="444" rotated="true"  frameX="-1" frameY="-0" frameWidth="446" frameHeight="522"/>
  <SubTexture name="Pico Note Right Miss0017.png" x="0" y="1165" width="522" height="444" rotated="true"  frameX="-1" frameY="-0" frameWidth="446" frameHeight="522"/>
  <SubTexture name="Pico Note Right Miss0020.png" x="0" y="1165" width="522" height="444" rotated="true"  frameX="-1" frameY="-0" frameWidth="446" frameHeight="522"/>
  <SubTexture name="Pico Note Right Miss0021.png" x="0" y="1165" width="522" height="444" rotated="true"  frameX="-1" frameY="-0" frameWidth="446" frameHeight="522"/>
  <SubTexture name="Pico Note Right0001.png" x="1857" y="1516"  width="458" height="475" frameX="-1" frameY="-1" frameWidth="459" frameHeight="476"/>
  <SubTexture name="Pico Note Right0003.png" x="948" y="2068" width="472" height="442" rotated="true"  frameX="-0" frameY="-4" frameWidth="459" frameHeight="476"/>
  <SubTexture name="Pico Note Right0004.png" x="948" y="2068" width="472" height="442" rotated="true"  frameX="-0" frameY="-4" frameWidth="459" frameHeight="476"/>
  <SubTexture name="Pico Note Right0005.png" x="948" y="2068" width="472" height="442" rotated="true"  frameX="-0" frameY="-4" frameWidth="459" frameHeight="476"/>
  <SubTexture name="Pico Note Right0006.png" x="948" y="2068" width="472" height="442" rotated="true"  frameX="-0" frameY="-4" frameWidth="459" frameHeight="476"/>
  <SubTexture name="Pico Note Right0007.png" x="948" y="2068" width="472" height="442" rotated="true"  frameX="-0" frameY="-4" frameWidth="459" frameHeight="476"/>
  <SubTexture name="Pico Note Right0008.png" x="948" y="2068" width="472" height="442" rotated="true"  frameX="-0" frameY="-4" frameWidth="459" frameHeight="476"/>
  <SubTexture name="Pico Note Right0009.png" x="948" y="2068" width="472" height="442" rotated="true"  frameX="-0" frameY="-4" frameWidth="459" frameHeight="476"/>
  <SubTexture name="Pico Note Right0010.png" x="948" y="2068" width="472" height="442" rotated="true"  frameX="-0" frameY="-4" frameWidth="459" frameHeight="476"/>
  <SubTexture name="Pico Note Right0011.png" x="948" y="2068" width="472" height="442" rotated="true"  frameX="-0" frameY="-4" frameWidth="459" frameHeight="476"/>
  <SubTexture name="Pico Note Right0012.png" x="948" y="2068" width="472" height="442" rotated="true"  frameX="-0" frameY="-4" frameWidth="459" frameHeight="476"/>
  <SubTexture name="Pico Note Right0013.png" x="948" y="2068" width="472" height="442" rotated="true"  frameX="-0" frameY="-4" frameWidth="459" frameHeight="476"/>
  <SubTexture name="Pico Note Right0014.png" x="948" y="2068" width="472" height="442" rotated="true"  frameX="-0" frameY="-4" frameWidth="459" frameHeight="476"/>
  <SubTexture name="Pico Note Right0015.png" x="948" y="2068" width="472" height="442" rotated="true"  frameX="-0" frameY="-4" frameWidth="459" frameHeight="476"/>
  <SubTexture name="Pico Note Right0016.png" x="948" y="2068" width="472" height="442" rotated="true"  frameX="-0" frameY="-4" frameWidth="459" frameHeight="476"/>
  <SubTexture name="burp small plus talk pico0008.png" x="0" y="2068" width="474" height="442" rotated="true"  frameX="-34" frameY="-0" frameWidth="479" frameHeight="475"/>
  <SubTexture name="burp small plus talk pico0009.png" x="0" y="2068" width="474" height="442" rotated="true"  frameX="-34" frameY="-0" frameWidth="479" frameHeight="475"/>
  <SubTexture name="burp small plus talk pico0011.png" x="474" y="2068" width="474" height="442" rotated="true"  frameX="-37" frameY="-0" frameWidth="479" frameHeight="475"/>
  <SubTexture name="burp small plus talk pico0012.png" x="474" y="2068" width="474" height="442" rotated="true"  frameX="-37" frameY="-0" frameWidth="479" frameHeight="475"/>
  <SubTexture name="burp small plus talk pico0013.png" x="474" y="2068" width="474" height="442" rotated="true"  frameX="-37" frameY="-0" frameWidth="479" frameHeight="475"/>
  <SubTexture name="burp small plus talk pico0014.png" x="474" y="2068" width="474" height="442" rotated="true"  frameX="-37" frameY="-0" frameWidth="479" frameHeight="475"/>
  <SubTexture name="burp small plus talk pico0015.png" x="474" y="2068" width="474" height="442" rotated="true"  frameX="-37" frameY="-0" frameWidth="479" frameHeight="475"/>
  <SubTexture name="burp small plus talk pico0016.png" x="474" y="2068" width="474" height="442" rotated="true"  frameX="-37" frameY="-0" frameWidth="479" frameHeight="475"/>
  <SubTexture name="burp small plus talk pico0017.png" x="474" y="2068" width="474" height="442" rotated="true"  frameX="-37" frameY="-0" frameWidth="479" frameHeight="475"/>
  <SubTexture name="burp small plus talk pico0018.png" x="474" y="2068" width="474" height="442" rotated="true"  frameX="-37" frameY="-0" frameWidth="479" frameHeight="475"/>
  <SubTexture name="burp small plus talk pico0019.png" x="474" y="2068" width="474" height="442" rotated="true"  frameX="-37" frameY="-0" frameWidth="479" frameHeight="475"/>
  <SubTexture name="burp small plus talk pico0020.png" x="474" y="2068" width="474" height="442" rotated="true"  frameX="-37" frameY="-0" frameWidth="479" frameHeight="475"/>
  <SubTexture name="burp small plus talk pico0021.png" x="474" y="2068" width="474" height="442" rotated="true"  frameX="-37" frameY="-0" frameWidth="479" frameHeight="475"/>
  <SubTexture name="burp small plus talk pico0022.png" x="474" y="2068" width="474" height="442" rotated="true"  frameX="-37" frameY="-0" frameWidth="479" frameHeight="475"/>
  <SubTexture name="burp small plus talk pico0023.png" x="474" y="2068" width="474" height="442" rotated="true"  frameX="-37" frameY="-0" frameWidth="479" frameHeight="475"/>
  <SubTexture name="burp small plus talk pico0024.png" x="474" y="2068" width="474" height="442" rotated="true"  frameX="-37" frameY="-0" frameWidth="479" frameHeight="475"/>
  <SubTexture name="burp small plus talk pico0025.png" x="474" y="2068" width="474" height="442" rotated="true"  frameX="-37" frameY="-0" frameWidth="479" frameHeight="475"/>
  <SubTexture name="burp small plus talk pico0026.png" x="474" y="2068" width="474" height="442" rotated="true"  frameX="-37" frameY="-0" frameWidth="479" frameHeight="475"/>
  <SubTexture name="burp small plus talk pico0027.png" x="474" y="2068" width="474" height="442" rotated="true"  frameX="-37" frameY="-0" frameWidth="479" frameHeight="475"/>
  <SubTexture name="burp small plus talk pico0028.png" x="474" y="2068" width="474" height="442" rotated="true"  frameX="-37" frameY="-0" frameWidth="479" frameHeight="475"/>
  <SubTexture name="burp small plus talk pico0029.png" x="474" y="2068" width="474" height="442" rotated="true"  frameX="-37" frameY="-0" frameWidth="479" frameHeight="475"/>
  <SubTexture name="burp small plus talk pico0030.png" x="474" y="2068" width="474" height="442" rotated="true"  frameX="-37" frameY="-0" frameWidth="479" frameHeight="475"/>
  <SubTexture name="burp small plus talk pico0031.png" x="474" y="2068" width="474" height="442" rotated="true"  frameX="-37" frameY="-0" frameWidth="479" frameHeight="475"/>
  <SubTexture name="burp small plus talk pico0032.png" x="474" y="2068" width="474" height="442" rotated="true"  frameX="-37" frameY="-0" frameWidth="479" frameHeight="475"/>
  <SubTexture name="burp small plus talk pico0033.png" x="474" y="2068" width="474" height="442" rotated="true"  frameX="-37" frameY="-0" frameWidth="479" frameHeight="475"/>
  <SubTexture name="burp small plus talk pico0034.png" x="474" y="2068" width="474" height="442" rotated="true"  frameX="-37" frameY="-0" frameWidth="479" frameHeight="475"/>
  <SubTexture name="burp small plus talk pico0035.png" x="474" y="2068" width="474" height="442" rotated="true"  frameX="-37" frameY="-0" frameWidth="479" frameHeight="475"/>
  <SubTexture name="burp small plus talk pico0036.png" x="474" y="2068" width="474" height="442" rotated="true"  frameX="-37" frameY="-0" frameWidth="479" frameHeight="475"/>
  <SubTexture name="burp small plus talk pico0037.png" x="474" y="2068" width="474" height="442" rotated="true"  frameX="-37" frameY="-0" frameWidth="479" frameHeight="475"/>
  <SubTexture name="burp small plus talk pico0038.png" x="474" y="2068" width="474" height="442" rotated="true"  frameX="-37" frameY="-0" frameWidth="479" frameHeight="475"/>
  <SubTexture name="burp small plus talk pico0039.png" x="474" y="2068" width="474" height="442" rotated="true"  frameX="-37" frameY="-0" frameWidth="479" frameHeight="475"/>
  <SubTexture name="burp small plus talk pico0040.png" x="474" y="2068" width="474" height="442" rotated="true"  frameX="-37" frameY="-0" frameWidth="479" frameHeight="475"/>
  <SubTexture name="burp small plus talk pico0041.png" x="474" y="2068" width="474" height="442" rotated="true"  frameX="-37" frameY="-0" frameWidth="479" frameHeight="475"/>
  <SubTexture name="burp small plus talk pico0042.png" x="474" y="2068" width="474" height="442" rotated="true"  frameX="-37" frameY="-0" frameWidth="479" frameHeight="475"/>
  <SubTexture name="burp small plus talk pico0043.png" x="474" y="2068" width="474" height="442" rotated="true"  frameX="-37" frameY="-0" frameWidth="479" frameHeight="475"/>
  <SubTexture name="burp small plus talk pico0044.png" x="474" y="2068" width="474" height="442" rotated="true"  frameX="-37" frameY="-0" frameWidth="479" frameHeight="475"/>
  <SubTexture name="burp small plus talk pico0045.png" x="474" y="2068" width="474" height="442" rotated="true"  frameX="-37" frameY="-0" frameWidth="479" frameHeight="475"/>
  <SubTexture name="burp small plus talk pico0046.png" x="474" y="2068" width="474" height="442" rotated="true"  frameX="-37" frameY="-0" frameWidth="479" frameHeight="475"/>
  <SubTexture name="burp small plus talk pico0047.png" x="474" y="2068" width="474" height="442" rotated="true"  frameX="-37" frameY="-0" frameWidth="479" frameHeight="475"/>
  <SubTexture name="burp small plus talk pico0048.png" x="474" y="2068" width="474" height="442" rotated="true"  frameX="-37" frameY="-0" frameWidth="479" frameHeight="475"/>
  <SubTexture name="burp small plus talk pico0049.png" x="474" y="2068" width="474" height="442" rotated="true"  frameX="-37" frameY="-0" frameWidth="479" frameHeight="475"/>
  <SubTexture name="burp small plus talk pico0050.png" x="474" y="2068" width="474" height="442" rotated="true"  frameX="-37" frameY="-0" frameWidth="479" frameHeight="475"/>
  <SubTexture name="pico Up note miss0001.png" x="1166" y="0"  width="451" height="526" frameX="-0" frameY="-4" frameWidth="451" frameHeight="530"/>
  <SubTexture name="pico Up note miss0003.png" x="722" y="0"  width="444" height="530" frameX="-4" frameY="-0" frameWidth="451" frameHeight="530"/>
  <SubTexture name="pico Up note miss0006.png" x="722" y="0"  width="444" height="530" frameX="-4" frameY="-0" frameWidth="451" frameHeight="530"/>
  <SubTexture name="pico Up note miss0007.png" x="722" y="0"  width="444" height="530" frameX="-4" frameY="-0" frameWidth="451" frameHeight="530"/>
  <SubTexture name="pico Up note miss0010.png" x="722" y="0"  width="444" height="530" frameX="-4" frameY="-0" frameWidth="451" frameHeight="530"/>
  <SubTexture name="pico Up note miss0011.png" x="722" y="0"  width="444" height="530" frameX="-4" frameY="-0" frameWidth="451" frameHeight="530"/>
  <SubTexture name="pico Up note miss0014.png" x="722" y="0"  width="444" height="530" frameX="-4" frameY="-0" frameWidth="451" frameHeight="530"/>
  <SubTexture name="pico Up note miss0015.png" x="722" y="0"  width="444" height="530" frameX="-4" frameY="-0" frameWidth="451" frameHeight="530"/>
  <SubTexture name="pico Up note miss0018.png" x="722" y="0"  width="444" height="530" frameX="-4" frameY="-0" frameWidth="451" frameHeight="530"/>
  <SubTexture name="pico Up note miss0019.png" x="722" y="0"  width="444" height="530" frameX="-4" frameY="-0" frameWidth="451" frameHeight="530"/>
  <SubTexture name="pico Up note miss0022.png" x="722" y="0"  width="444" height="530" frameX="-4" frameY="-0" frameWidth="451" frameHeight="530"/>
  <SubTexture name="pico Up note miss0023.png" x="722" y="0"  width="444" height="530" frameX="-4" frameY="-0" frameWidth="451" frameHeight="530"/>
  <SubTexture name="pico Up note miss0005.png" x="722" y="530"  width="444" height="530" frameX="-4" frameY="-0" frameWidth="451" frameHeight="530"/>
  <SubTexture name="pico Up note miss0008.png" x="722" y="530"  width="444" height="530" frameX="-4" frameY="-0" frameWidth="451" frameHeight="530"/>
  <SubTexture name="pico Up note miss0009.png" x="722" y="530"  width="444" height="530" frameX="-4" frameY="-0" frameWidth="451" frameHeight="530"/>
  <SubTexture name="pico Up note miss0012.png" x="722" y="530"  width="444" height="530" frameX="-4" frameY="-0" frameWidth="451" frameHeight="530"/>
  <SubTexture name="pico Up note miss0013.png" x="722" y="530"  width="444" height="530" frameX="-4" frameY="-0" frameWidth="451" frameHeight="530"/>
  <SubTexture name="pico Up note miss0016.png" x="722" y="530"  width="444" height="530" frameX="-4" frameY="-0" frameWidth="451" frameHeight="530"/>
  <SubTexture name="pico Up note miss0017.png" x="722" y="530"  width="444" height="530" frameX="-4" frameY="-0" frameWidth="451" frameHeight="530"/>
  <SubTexture name="pico Up note miss0020.png" x="722" y="530"  width="444" height="530" frameX="-4" frameY="-0" frameWidth="451" frameHeight="530"/>
  <SubTexture name="pico Up note miss0021.png" x="722" y="530"  width="444" height="530" frameX="-4" frameY="-0" frameWidth="451" frameHeight="530"/>
  <SubTexture name="pico Up note0001.png" x="1610" y="1021"  width="432" height="495" frameX="-0" frameY="-0" frameWidth="433" frameHeight="495"/>
  <SubTexture name="pico Up note0003.png" x="1425" y="1516"  width="432" height="490" frameX="-1" frameY="-5" frameWidth="433" frameHeight="495"/>
  <SubTexture name="pico Up note0004.png" x="1425" y="1516"  width="432" height="490" frameX="-1" frameY="-5" frameWidth="433" frameHeight="495"/>
  <SubTexture name="pico Up note0005.png" x="1425" y="1516"  width="432" height="490" frameX="-1" frameY="-5" frameWidth="433" frameHeight="495"/>
  <SubTexture name="pico Up note0006.png" x="1425" y="1516"  width="432" height="490" frameX="-1" frameY="-5" frameWidth="433" frameHeight="495"/>
  <SubTexture name="pico Up note0007.png" x="1425" y="1516"  width="432" height="490" frameX="-1" frameY="-5" frameWidth="433" frameHeight="495"/>
  <SubTexture name="pico Up note0008.png" x="1425" y="1516"  width="432" height="490" frameX="-1" frameY="-5" frameWidth="433" frameHeight="495"/>
  <SubTexture name="pico Up note0009.png" x="1425" y="1516"  width="432" height="490" frameX="-1" frameY="-5" frameWidth="433" frameHeight="495"/>
  <SubTexture name="pico Up note0010.png" x="1425" y="1516"  width="432" height="490" frameX="-1" frameY="-5" frameWidth="433" frameHeight="495"/>
  <SubTexture name="pico Up note0011.png" x="1425" y="1516"  width="432" height="490" frameX="-1" frameY="-5" frameWidth="433" frameHeight="495"/>
  <SubTexture name="pico Up note0012.png" x="1425" y="1516"  width="432" height="490" frameX="-1" frameY="-5" frameWidth="433" frameHeight="495"/>
  <SubTexture name="pico Up note0013.png" x="1425" y="1516"  width="432" height="490" frameX="-1" frameY="-5" frameWidth="433" frameHeight="495"/>
</TextureAtlas>