<?xml version="1.0" encoding="UTF-8"?>
<!--
Created with Free texture packer v0.6.7 http://free-tex-packer.com
-->
<TextureAtlas imagePath="josie.png" width="567" height="890">
  <SubTexture name="josie0000.png" x="0" y="0"  width="289" height="441" frameX="-0" frameY="-6" frameWidth="289" frameHeight="448"/>
  <SubTexture name="josie0006.png" x="289" y="0"  width="278" height="447" frameX="-4" frameY="-0" frameWidth="289" frameHeight="448"/>
  <SubTexture name="josie0004.png" x="0" y="441"  width="278" height="446" frameX="-4" frameY="-1" frameWidth="289" frameHeight="448"/>
  <SubTexture name="josie0002.png" x="278" y="447"  width="287" height="443" frameX="-0" frameY="-4" frameWidth="289" frameHeight="448"/>
  <SubTexture name="josie0001.png" x="0" y="0"  width="289" height="441" frameX="-0" frameY="-6" frameWidth="289" frameHeight="448"/>
  <SubTexture name="josie0003.png" x="278" y="447"  width="287" height="443" frameX="-0" frameY="-4" frameWidth="289" frameHeight="448"/>
  <SubTexture name="josie0005.png" x="0" y="441"  width="278" height="446" frameX="-4" frameY="-1" frameWidth="289" frameHeight="448"/>
  <SubTexture name="josie0007.png" x="289" y="0"  width="278" height="447" frameX="-4" frameY="-0" frameWidth="289" frameHeight="448"/>
  <SubTexture name="josie0008.png" x="289" y="0"  width="278" height="447" frameX="-4" frameY="-0" frameWidth="289" frameHeight="448"/>
  <SubTexture name="josie0009.png" x="289" y="0"  width="278" height="447" frameX="-4" frameY="-0" frameWidth="289" frameHeight="448"/>
  <SubTexture name="josie0010.png" x="289" y="0"  width="278" height="447" frameX="-4" frameY="-0" frameWidth="289" frameHeight="448"/>
  <SubTexture name="josie0011.png" x="289" y="0"  width="278" height="447" frameX="-4" frameY="-0" frameWidth="289" frameHeight="448"/>
  <SubTexture name="josie0012.png" x="289" y="0"  width="278" height="447" frameX="-4" frameY="-0" frameWidth="289" frameHeight="448"/>
  <SubTexture name="josie0013.png" x="289" y="0"  width="278" height="447" frameX="-4" frameY="-0" frameWidth="289" frameHeight="448"/>
  <SubTexture name="josie0014.png" x="289" y="0"  width="278" height="447" frameX="-4" frameY="-0" frameWidth="289" frameHeight="448"/>
  <SubTexture name="josie0015.png" x="289" y="0"  width="278" height="447" frameX="-4" frameY="-0" frameWidth="289" frameHeight="448"/>
</TextureAtlas>