<?xml version="1.0" encoding="UTF-8"?>
<!--
Created with Free texture packer v0.6.7 http://free-tex-packer.com
-->
<TextureAtlas imagePath="villagers.png" width="2341" height="1918">
  <SubTexture name="villagers0000.png" x="0" y="0"  width="1703" height="641" frameX="-0" frameY="-11" frameWidth="1703" frameHeight="652"/>
  <SubTexture name="villagers0002.png" x="0" y="641"  width="1701" height="640" frameX="-1" frameY="-10" frameWidth="1703" frameHeight="652"/>
  <SubTexture name="villagers0004.png" x="0" y="1281"  width="1700" height="637" frameX="-1" frameY="-2" frameWidth="1703" frameHeight="652"/>
  <SubTexture name="villagers0006.png" x="1703" y="0" width="638" height="1700" rotated="true"  frameX="-1" frameY="-0" frameWidth="1703" frameHeight="652"/>
  <SubTexture name="villagers0001.png" x="0" y="0"  width="1703" height="641" frameX="-0" frameY="-11" frameWidth="1703" frameHeight="652"/>
  <SubTexture name="villagers0003.png" x="0" y="641"  width="1701" height="640" frameX="-1" frameY="-10" frameWidth="1703" frameHeight="652"/>
  <SubTexture name="villagers0005.png" x="0" y="1281"  width="1700" height="637" frameX="-1" frameY="-2" frameWidth="1703" frameHeight="652"/>
  <SubTexture name="villagers0007.png" x="1703" y="0" width="638" height="1700" rotated="true"  frameX="-1" frameY="-0" frameWidth="1703" frameHeight="652"/>
  <SubTexture name="villagers0008.png" x="1703" y="0" width="638" height="1700" rotated="true"  frameX="-1" frameY="-0" frameWidth="1703" frameHeight="652"/>
  <SubTexture name="villagers0009.png" x="1703" y="0" width="638" height="1700" rotated="true"  frameX="-1" frameY="-0" frameWidth="1703" frameHeight="652"/>
  <SubTexture name="villagers0010.png" x="1703" y="0" width="638" height="1700" rotated="true"  frameX="-1" frameY="-0" frameWidth="1703" frameHeight="652"/>
  <SubTexture name="villagers0011.png" x="1703" y="0" width="638" height="1700" rotated="true"  frameX="-1" frameY="-0" frameWidth="1703" frameHeight="652"/>
  <SubTexture name="villagers0012.png" x="1703" y="0" width="638" height="1700" rotated="true"  frameX="-1" frameY="-0" frameWidth="1703" frameHeight="652"/>
  <SubTexture name="villagers0013.png" x="1703" y="0" width="638" height="1700" rotated="true"  frameX="-1" frameY="-0" frameWidth="1703" frameHeight="652"/>
  <SubTexture name="villagers0014.png" x="1703" y="0" width="638" height="1700" rotated="true"  frameX="-1" frameY="-0" frameWidth="1703" frameHeight="652"/>
  <SubTexture name="villagers0015.png" x="1703" y="0" width="638" height="1700" rotated="true"  frameX="-1" frameY="-0" frameWidth="1703" frameHeight="652"/>
</TextureAtlas>